CUSTOMER_ID,SYNTHETIC_DISPLAY_NAME
C_0,Christina Hall
C_1,Edward Cisneros
C_10,Tammy Kemp
C_100,Robert Perkins
C_1000,Barry Gallegos
C_1001,Nicholas Spencer
C_1002,Samantha Le
C_1003,Ricky Todd
C_1004,Karen Lutz
C_1005,Nathan Hayes
C_1006,Ian Phillips
C_1007,Jennifer Green
C_1008,Anthony Doyle
C_1009,Andres Garcia
C_101,Helen Lester
C_1010,Justin Cabrera
C_1011,Dr. Amy French
C_1012,Yvonne Miller
C_1013,Monica Harris DVM
C_1014,Lisa Hines
C_1015,Melanie Barron
C_1016,Jennifer Wood
C_1017,Amanda Taylor
C_1018,Tonya Adkins
C_1019,William Anderson
C_102,Emily Hart
C_1020,Maria Oneill
C_1021,Derrick Thompson
C_1022,Lisa Garza
C_1023,Thomas Larson
C_1024,Bob Parker
C_1025,Matthew Thomas
C_1026,Anthony Williams
C_1027,Michael Williams
C_1028,Anita Taylor
C_1029,Lisa Garcia
C_103,Daniel Campbell Jr.
C_1030,Candice Lowery
C_1031,Darrell Brown
C_1032,Kevin Ruiz
C_1033,Dawn Jones
C_1034,Sylvia Butler
C_1035,Sandra Bauer
C_1036,Richard Leach
C_1037,Christopher Velez
C_1038,Victor Price
C_1039,Alexis Bender
C_104,Travis Wise
C_1040,Zachary Jenkins
C_1041,Travis Rodriguez
C_1042,Ralph Mcdowell
C_1043,Joel Garrett
C_1044,David Watson
C_1045,Stephanie Vaughn
C_1046,Emily Simmons
C_1047,Richard Adams
C_1048,Kenneth Sosa
C_1049,Kristen Lewis
C_105,Michael Diaz
C_1050,Dawn Knight
C_1051,Lisa Alvarez
C_1052,Kara Poole
C_1053,Kaylee Anderson
C_1054,Cynthia Baker
C_1055,Larry Ramirez PhD
C_1056,Michele Williams
C_1057,Jacqueline Cook
C_1058,Erika Allen
C_1059,Destiny Phillips
C_106,Johnathan Jones
C_1060,Brian Dean
C_1061,Julian Mcdaniel
C_1062,Amanda Maldonado
C_1063,Mr. Mark Gray
C_1064,Cynthia Murphy
C_1065,Christopher Wood
C_1066,Michelle Waller
C_1067,Kayla Klein
C_1068,Michael Green
C_1069,Aaron Clark
C_107,Carmen Powers
C_1070,Sharon Brown
C_1071,Diane Jordan
C_1072,Regina Becker
C_1073,Melinda Curtis
C_1074,Emily Gomez
C_1075,Patrick Sloan
C_1076,Tracey Hughes
C_1077,Brett Russell
C_1078,Shawn Allen
C_1079,Kristen Jacobson
C_108,Marie Simpson
C_1080,Paul Woodward
C_1081,Dustin Landry
C_1082,Joanna Powell
C_1083,Michael Hodges
C_1084,Faith Young
C_1085,Caitlin Chen
C_1086,Lori Butler
C_1087,Emily Stewart
C_1088,Melissa Hayden MD
C_1089,Kimberly Green
C_109,Timothy Rollins
C_1090,Russell Rodgers
C_1091,Mark Simpson
C_1092,David Melton
C_1093,Amy Robertson
C_1094,David Buck
C_1095,Mark Carter
C_1096,Sharon Noble
C_1097,Steven Wilson
C_1098,Ashley Ross
C_1099,Anna Stone
C_11,Pamela Smith
C_110,Christopher House
C_1100,Leslie Flowers
C_1101,Dwayne Jackson
C_1102,Joseph Long
C_1103,Michele Adams
C_1104,Chelsea Porter
C_1105,Matthew Parks
C_1106,Joshua Myers
C_1107,Daniel Munoz
C_1108,Christopher Lane
C_1109,Nicole Contreras
C_111,Patrick Mendoza
C_1110,George Dawson
C_1111,Diane Osborne
C_1112,Jamie Powers
C_1113,Kimberly Schwartz
C_1114,Gabrielle Garcia
C_1115,Eric Anderson
C_1116,James Butler
C_1117,Nicholas Cooper
C_1118,Victoria Brown
C_1119,Brent Burton
C_112,Linda Martin
C_1120,Dennis Fleming
C_1121,Phillip Miles
C_1122,Alyssa Griffin
C_1123,Victor Wilkerson
C_1124,Kimberly Dickson
C_1125,Curtis Edwards
C_1126,Brittany Kim
C_1127,Ethan Mills
C_1128,Julie Anderson
C_1129,Rick Mcintosh
C_113,Brandon Cunningham
C_1130,Ebony Cain
C_1131,Kenneth White
C_1132,Kenneth Pena
C_1133,Timothy Wheeler
C_1134,Gary Kaufman
C_1135,Susan Gutierrez
C_1136,Mr. John Moore
C_1137,Kenneth Rice
C_1138,Nicholas Tanner
C_1139,Michelle Stevenson
C_114,Monica Blanchard
C_1140,Stephanie Pineda
C_1141,Charles Russell
C_1142,Heather Wolf
C_1143,Anthony Small
C_1144,Corey Jordan
C_1145,Kayla Williams
C_1146,Summer Reyes
C_1147,Paul Moon
C_1148,Alex Lane
C_1149,Leslie Walker
C_115,Gabriel Shaw
C_1150,Laurie Pennington
C_1151,Dawn Rios
C_1152,Richard King
C_1153,Eddie Lawrence
C_1154,Gregory Dean
C_1155,Mr. Ralph Johnson
C_1156,Ronald Miller
C_1157,Valerie Pineda
C_1158,Timothy Williams
C_1159,Pamela Cortez
C_116,Dillon Parker
C_1160,Laura Knight
C_1161,Jennifer Browning
C_1162,Caroline Wallace
C_1163,Kevin Johnson
C_1164,Laurie Collins
C_1165,Megan Wiley
C_1166,Molly Miller
C_1167,Ryan Barton
C_1168,Brad Barajas
C_1169,Jessica Morgan
C_117,Jill Cox
C_1170,John Rodriguez
C_1171,Ellen Whitaker
C_1172,Kelly Montes
C_1173,Jacqueline Bryant
C_1174,Anthony Smith
C_1175,Linda Franco
C_1176,Stephanie Weeks
C_1177,Joe Adams
C_1178,Brian King
C_1179,Alexis Smith
C_118,Monique Alvarado
C_1180,Margaret Underwood
C_1181,Gina Carney
C_1182,David Mason
C_1183,Douglas Chapman
C_1184,James Stanley
C_1185,Jessica Acevedo
C_1186,Edward Floyd
C_1187,Robert Rios
C_1188,Michelle Robbins
C_1189,Pamela Adams
C_119,John Raymond
C_1190,Christopher Henry
C_1191,Kayla Flowers
C_1192,Sean Garrett
C_1193,Cody Mendez
C_1194,Leslie Cain
C_1195,Jonathan Stewart
C_1196,Joseph Weeks
C_1197,Billy Miller
C_1198,Eileen Green
C_1199,Larry Oconnor
C_12,Shane Young
C_120,Charles Arnold
C_1200,Travis Ford
C_1201,Daniel Horton
C_1202,Christine Johnson
C_1203,George Jones
C_1204,Aaron Schmidt
C_1205,Timothy Parsons
C_1206,Erin Griffin
C_1207,Leslie Chang
C_1208,Mark Dixon
C_1209,Lisa Hawkins
C_121,Philip Duffy
C_1210,Jacqueline Mcclain
C_1211,Robert Dixon
C_1212,Caleb Romero
C_1213,Laura Adams
C_1214,Gary Hickman
C_1215,Frances Berger
C_1216,Benjamin Diaz
C_1217,Shannon Aguilar
C_1218,Ricardo Kelly
C_1219,Lauren Kaiser
C_122,Nicole Anthony
C_1220,Joy Vargas
C_1221,Michael Miller Jr.
C_1222,Charles Nguyen
C_1223,Laurie Jones
C_1224,Donald Wallace
C_1225,Courtney Castaneda
C_1226,Morgan Watson
C_1227,Deborah Smith
C_1228,James Grant
C_1229,Eric Brown
C_123,Bobby Walker
C_1230,Catherine Diaz
C_1231,Nicholas Mason
C_1232,Tami Carter
C_1233,Kelly Williams
C_1234,Wesley James DVM
C_1235,Andrew Powell
C_1236,Breanna Owens
C_1237,Emily Hull
C_1238,Rodney Short
C_1239,Jean Taylor
C_124,Jonathan Gonzalez
C_1240,Patricia Benton
C_1241,Matthew Kim
C_1242,Amber Lester
C_1243,Julie Nelson
C_1244,Carrie Burke
C_1245,Jennifer Hamilton
C_1246,Bailey Washington
C_1247,Todd Benson
C_1248,Denise Pittman
C_1249,Richard Willis
C_125,Yvonne Bright
C_1250,Nancy Hernandez
C_1251,Krystal Evans
C_1252,Mackenzie Allison
C_1253,Cynthia Allen
C_1254,Dean Rasmussen
C_1255,Bryce Martin
C_1256,Amanda Benson
C_1257,Michael Arnold
C_1258,Marie Landry
C_1259,Joshua Blankenship
C_126,Lisa Lin
C_1260,Deanna Nguyen
C_1261,Ryan Scott
C_1262,Mr. Jesse Johnson
C_1263,Caleb Gallagher
C_1264,Casey White
C_1265,Larry Anderson
C_1266,Lisa Perez
C_1267,Sarah Swanson
C_1268,Rebecca Lewis
C_1269,Martha Evans
C_127,Phillip Palmer
C_1270,Diana Moore
C_1271,Samuel Chan
C_1272,Kathryn Howe
C_1273,Lawrence Carter
C_1274,Jennifer Smith
C_1275,Stephanie Donovan
C_1276,Joseph Cooke
C_1277,Lisa Christian
C_1278,Mr. Travis Washington
C_1279,James Garcia
C_128,Crystal Barrett
C_1280,Kylie Parrish
C_1281,Kevin Wood
C_1282,Thomas Patel
C_1283,John Smith
C_1284,David Graham
C_1285,Deborah Casey MD
C_1286,April Dorsey
C_1287,Jared Harmon
C_1288,Kevin Vaughn
C_1289,Mr. Chad Webb DVM
C_129,David Rose
C_1290,Douglas Mason
C_1291,Jorge Carr
C_1292,Ryan Lucas
C_1293,Renee Coleman
C_1294,Elizabeth Gibson
C_1295,Nicole Robertson
C_1296,Michael Williams
C_1297,Luis Castaneda
C_1298,Mary Perez
C_1299,Leslie Reyes
C_13,Jasmine Sheppard
C_130,Mario Nash
C_1300,Linda Knight
C_1301,Bruce Mayer
C_1302,Shane Bentley
C_1303,Juan Martin
C_1304,Deanna Jackson
C_1305,Nancy Allen
C_1306,Brian Bailey
C_1307,Patricia Smith
C_1308,Jason Clark
C_1309,Casey Bishop
C_131,Rhonda Woods
C_1310,Sarah Price
C_1311,Benjamin Smith
C_1312,Frank Ramirez
C_1313,Christopher Smith
C_1314,Jamie Berry
C_1315,Mark Vasquez
C_1316,David Cross
C_1317,Jennifer Mccarty
C_1318,Natalie Taylor
C_1319,Julie David
C_132,Suzanne Mcintyre
C_1320,Austin Huang
C_1321,Tyler Nguyen
C_1322,Chad Prince
C_1323,Brandy Simmons
C_1324,Debra Henry
C_1325,Harold Miller
C_1326,Stephanie Lane
C_1327,Mary Robinson
C_1328,Cody Richardson
C_1329,Heather Hicks
C_133,Nathan Bishop
C_1330,Sarah Young
C_1331,Debra Flores
C_1332,Connie Rose
C_1333,Jessica Mitchell
C_1334,David Thompson
C_1335,Nicholas Nguyen
C_1336,Jeff Hayes
C_1337,Angela Greer
C_1338,Melissa Gordon
C_1339,Ronald English
C_134,Matthew Frederick
C_1340,Scott Chen
C_1341,Brian Anderson
C_1342,Sandra Vance
C_1343,Samantha Ryan
C_1344,April Cole
C_1345,Shawn Ochoa
C_1346,Brianna Caldwell
C_1347,Julie Green
C_1348,Samantha Valenzuela
C_1349,Lindsey Diaz
C_135,Alexander Johns
C_1350,Jon Chavez
C_1351,Amanda Shelton
C_1352,Lindsey Hamilton
C_1353,Joseph Rivas
C_1354,Steven Leach
C_1355,Adam Snyder
C_1356,James Aguilar
C_1357,Mr. Andrew Martin
C_1358,Debra Lopez
C_1359,Dr. John Diaz
C_136,Kenneth Russell
C_1360,Timothy Ruiz
C_1361,Christina Phillips
C_1362,Jason Dean
C_1363,Dr. James Norton MD
C_1364,Sarah Guerrero
C_1365,Jacob Smith
C_1366,Mr. James Spencer Jr.
C_1367,Lori Johnson
C_1368,Jared Jennings
C_1369,Joy Fuller
C_137,Paul Flores
C_1370,Michael Boone
C_1371,Philip Parker
C_1372,Christopher Powell
C_1373,Kimberly Logan DDS
C_1374,Elizabeth Smith
C_1375,Angela Fowler
C_1376,Christopher Wagner
C_1377,Eric Guerra
C_1378,Vanessa Kirk
C_1379,Jason Horton
C_138,Kristina Fisher
C_1380,Sandra Welch
C_1381,Madison Huff
C_1382,Stephen Norris
C_1383,Dr. Tracy Baker PhD
C_1384,Roger Banks
C_1385,Andrew Nguyen Jr.
C_1386,Emily Richardson
C_1387,Jennifer Santiago
C_1388,Jason Strickland
C_1389,Randall Shelton
C_139,Anna Allison
C_1390,Daniel Grant
C_1391,Claire Perkins
C_1392,Jaclyn Burke MD
C_1393,Catherine Trevino
C_1394,John Burke
C_1395,James Cooper
C_1396,Ann Dickerson
C_1397,Amber Garcia
C_1398,Tiffany Parrish
C_1399,Richard Taylor
C_14,Jamie West
C_140,Stephen Powell
C_1400,Rhonda Keller
C_1401,Walter Garcia
C_1402,Christopher Fitzpatrick DVM
C_1403,Kevin Salinas
C_1404,Aaron Williams
C_1405,Joseph Miller
C_1406,Rebecca Hernandez
C_1407,Joseph Matthews
C_1408,Erin Morris
C_1409,Melinda Rivera
C_141,Katherine Fuller
C_1410,Deanna Harper
C_1411,Christina Lewis PhD
C_1412,Madeline Rodriguez
C_1413,Erica Perry
C_1414,Timothy Turner
C_1415,Dale Harrington
C_1416,Paul Lane
C_1417,Amy Howard
C_1418,Dustin White
C_1419,Tamara Hines
C_142,Emily Lozano
C_1420,Jeremy Boyer
C_1421,Sheri Lewis
C_1422,Justin Cooper
C_1423,Elizabeth Parker
C_1424,Brittany Walker
C_1425,Ryan Brooks
C_1426,Daniel Dalton
C_1427,Scott Walker
C_1428,Adam Robinson
C_1429,Christie Thomas
C_143,Valerie Adams
C_1430,Ashley Green
C_1431,Keith Santiago
C_1432,Kyle Hopkins MD
C_1433,Heather Montoya
C_1434,Matthew Perez
C_1435,Brandy Allison
C_1436,Betty Thompson
C_1437,Sydney Simmons
C_1438,Lisa Dean
C_1439,Samuel Hall
C_144,Joseph Curry
C_1440,Joseph Davis
C_1441,Daniel Johnson
C_1442,Dylan Hopkins
C_1443,Zachary Simmons
C_1444,David Jordan
C_1445,Dr. Jeremy Smith
C_1446,Joshua Murphy
C_1447,Tammy Rodriguez
C_1448,Charles Levy
C_1449,Jody Dougherty
C_145,Darlene Sloan
C_1450,Nancy Robinson
C_1451,Rachel Savage
C_1452,Kathleen Hernandez
C_1453,Erika Hansen
C_1454,Dr. Ashley Barr
C_1455,Edward Thomas
C_1456,Madison Harris
C_1457,Rachel Kerr
C_1458,Scott Reed
C_1459,Ryan Petersen
C_146,Leah Murphy
C_1460,Roberto Moore
C_1461,Joseph Butler
C_1462,Chelsea Hernandez
C_1463,Cathy Robinson
C_1464,Larry Stephenson
C_1465,Patrick Santiago
C_1466,Gerald Leon
C_1467,Michael Simpson
C_1468,Ronald Alvarado
C_1469,Andrea Miller
C_147,Pamela Thompson
C_1470,Ryan Rosales
C_1471,Michael Carter
C_1472,Regina Webster
C_1473,Walter Blackburn
C_1474,Elizabeth Nelson
C_1475,Shannon Williams
C_1476,George Taylor
C_1477,Kristin Pittman
C_1478,James Lamb
C_1479,Julie Mcgrath
C_148,Brian Carr DDS
C_1480,Kimberly Porter
C_1481,Madison Dunn
C_1482,Angel Lozano
C_1483,John Stevens
C_1484,Larry Vincent
C_1485,Mackenzie Lewis
C_1486,Derrick Gomez
C_1487,Wendy Fry
C_1488,Erica White
C_1489,Patrick Martinez
C_149,Donald Walker
C_1490,Janet Sanchez DDS
C_1491,David Valencia
C_1492,Rebecca Neal
C_1493,Jeffrey Travis
C_1494,James Carroll
C_1495,Tammy Perkins
C_1496,Tara Smith
C_1497,Pamela Love
C_1498,Austin Garcia
C_1499,Keith Winters
C_15,Bonnie Barron
C_150,Charles Williams
C_1500,Stephanie Curtis
C_1501,Brandi Ortiz
C_1502,John Stevens
C_1503,Scott Young
C_1504,Nicholas Murray
C_1505,Susan Richardson MD
C_1506,Michael Thompson
C_1507,Richard Jones
C_1508,Christopher Davis
C_1509,Amanda Fowler
C_151,Sheila Lee
C_1510,Sheena Curry
C_1511,Susan Brock
C_1512,Michael Montgomery
C_1513,Michael Austin
C_1514,Evan Patterson
C_1515,Olivia Lewis
C_1516,Lori Graham
C_1517,Mary Morris
C_1518,Elaine Mcintosh
C_1519,Jade Long
C_152,Maria Ryan
C_1520,Anthony Cole
C_1521,Rhonda Palmer
C_1522,David Brown
C_1523,Patricia Todd
C_1524,George Jones
C_1525,Adrienne Wood
C_1526,Hannah Hart
C_1527,Brandon Golden
C_1528,Teresa Edwards
C_1529,Troy Griffin
C_153,Ronald Banks DDS
C_1530,Samantha Vaughan
C_1531,Thomas Hamilton
C_1532,Cameron Smith
C_1533,Patrick Knight
C_1534,Emily Anderson
C_1535,Patrick Griffin
C_1536,Mary Nash
C_1537,Cory Mendez Jr.
C_1538,Ann Warner
C_1539,Robert Fisher
C_154,Carrie Anderson
C_1540,Nancy Young
C_1541,Jessica Johnson
C_1542,Lisa Barron
C_1543,Ronald Atkinson
C_1544,Michael Payne
C_1545,Allison Jones
C_1546,Cindy Gibson
C_1547,Kelli Mcconnell
C_1548,Jeffrey Pena
C_1549,Shannon Diaz
C_155,Penny Watkins
C_1550,Mary Wright
C_1551,Kaitlyn Jackson
C_1552,Joshua Gentry
C_1553,Jordan Ruiz
C_1554,Anthony Melton
C_1555,William Hudson
C_1556,Sharon Coleman
C_1557,Stephanie Young
C_1558,Lisa Thompson
C_1559,Diana Mercado
C_156,Mark Woods
C_1560,Stephen Riley
C_1561,Sharon Lewis
C_1562,Stephen Dunn
C_1563,Christopher Wilson
C_1564,Sherry Smith
C_1565,Joanne Compton
C_1566,Shannon Williams
C_1567,Jodi Walsh
C_1568,James Ware
C_1569,Christopher Cook
C_157,Richard Mcdaniel
C_1570,Jason Palmer
C_1571,Jimmy Woods
C_1572,Diane Payne
C_1573,Andrew Willis
C_1574,Diana Adams
C_1575,Maria Aguilar
C_1576,Susan Wong
C_1577,Kenneth Fischer
C_1578,Virginia Meadows
C_1579,Michael Williams
C_158,Taylor Greene
C_1580,Logan Lewis
C_1581,Richard Floyd
C_1582,Jesus Miller
C_1583,Andre Dean Jr.
C_1584,Rachel Hill
C_1585,Andrea Anderson
C_1586,Stephen Gould
C_1587,Matthew Moore
C_1588,Jessica Elliott
C_1589,Allison Bailey
C_159,Christine Kelly
C_1590,Brian Sharp
C_1591,Travis White
C_1592,Mark Gallagher
C_1593,Ronald Sanchez
C_1594,Megan Eaton MD
C_1595,Mrs. Tammy Atkinson
C_1596,Todd Underwood
C_1597,Mary Hughes
C_1598,Sara Jensen
C_1599,Courtney Flores
C_16,Theodore Perry
C_160,Vernon Fitzgerald
C_1600,Cindy Ali
C_1601,Haley Oconnell
C_1602,Nicole Martinez
C_1603,Caroline Wells
C_1604,Kelly Graham DDS
C_1605,Jamie Burton
C_1606,Jessica Schmidt
C_1607,Joseph Evans
C_1608,Regina Collins
C_1609,Janet Estrada
C_161,Larry Davis
C_1610,Arthur Thompson
C_1611,Michael Martinez
C_1612,Jeffrey Gonzalez
C_1613,Robert West
C_1614,Shane Hall
C_1615,Kathleen Thompson
C_1616,Katherine Shelton
C_1617,Karen Juarez
C_1618,George Pittman
C_1619,Theresa Hunter
C_162,Alison Shields
C_1620,Hannah Johnson
C_1621,James Rios
C_1622,Stephanie Jackson MD
C_1623,Charles Anderson
C_1624,William Scott
C_1625,Olivia Tucker
C_1626,Jacqueline Lindsey
C_1627,Nathan Jenkins
C_1628,Richard Lambert
C_1629,Mr. Christian Clark
C_163,Edward King
C_1630,Donald Downs
C_1631,Alex Morales
C_1632,Rachel Rodriguez
C_1633,Mary Guerrero
C_1634,Jeanne Holmes
C_1635,Matthew Ryan
C_1636,Laura Martinez
C_1637,Angelica Graves
C_1638,Martin Ray
C_1639,Rachel Vargas
C_164,Amy Romero
C_1640,Mary Davidson
C_1641,Cheryl Parker
C_1642,Kevin Jackson
C_1643,Kimberly Christian
C_1644,Heather Jones
C_1645,Anita Roberts
C_1646,John Calhoun
C_1647,Mr. William Brown MD
C_1648,Darryl Lane
C_1649,Joseph Ray
C_165,Eddie Fields
C_1650,Jessica Hill
C_1651,Michelle Cooper
C_1652,Barbara Baker
C_1653,Jeffrey Roberts
C_1654,Kevin Martinez
C_1655,Randy Williams
C_1656,Eric Miller
C_1657,Lori Reynolds
C_1658,Brittany Haley
C_1659,Stephen King
C_166,Amy Gordon
C_1660,Dillon Le
C_1661,Melissa Martinez
C_1662,Ashley Campbell
C_1663,Keith Barker
C_1664,Karen Murphy
C_1665,Richard Davies
C_1666,April Harris
C_1667,James Johnson
C_1668,Danny Mcconnell
C_1669,Christine Warren
C_167,Jorge Todd
C_1670,Zachary Bowman
C_1671,James Archer
C_1672,Barbara Coleman
C_1673,Pamela Parker
C_1674,Michael Schmidt
C_1675,Anna Villa
C_1676,Jacob Lyons
C_1677,Dennis Casey
C_1678,Joseph Miller
C_1679,Taylor Jones
C_168,Emily Simmons
C_1680,Melissa Barnett
C_1681,Christopher Hancock
C_1682,Stephanie Cline
C_1683,Curtis Greene
C_1684,Susan Robbins
C_1685,Sara Parker
C_1686,Mary Brown
C_1687,Patricia Knight
C_1688,Vanessa Mullen
C_1689,James Stevenson
C_169,Matthew Lewis
C_1690,Linda Howard
C_1691,Jennifer Vasquez
C_1692,Savannah Chambers
C_1693,Cory Turner
C_1694,Jonathan Clark
C_1695,Holly Hebert
C_1696,Nicole House
C_1697,Regina Chapman
C_1698,Pamela Cabrera
C_1699,Andre Crawford
C_17,Kelly Murillo
C_170,Matthew Bishop
C_1700,Peter Ramirez
C_1701,Jonathan Wright
C_1702,Clinton Hughes
C_1703,Catherine Conway
C_1704,Jeremiah Larsen
C_1705,Todd Summers
C_1706,Amanda Carroll
C_1707,Mary Silva
C_1708,David Martinez
C_1709,Paul Vasquez
C_171,Robert Davis
C_1710,Alexander Hernandez
C_1711,Kathryn Harrison
C_1712,John Farley
C_1713,Richard Thomas
C_1714,Sheri Young
C_1715,Wendy Reilly
C_1716,Raymond Cook
C_1717,Sean Lucas
C_1718,Tracy Robertson
C_1719,Joshua Gray
C_172,Carol Martin
C_1720,Brandon Donaldson
C_1721,Jack Humphrey
C_1722,Sonya Davis
C_1723,Cynthia Rogers
C_1724,Jennifer Campbell
C_1725,David Harvey
C_1726,Sharon Thompson
C_1727,Austin Ferguson
C_1728,Daniel Roberts
C_1729,Paige Byrd
C_173,Jeffrey Moore
C_1730,Diane Miller
C_1731,James Mcmahon
C_1732,Raymond Bennett
C_1733,Steven Jarvis
C_1734,Joshua Horton
C_1735,Michael Hoover
C_1736,Michele Hodge
C_1737,Bryan Ward
C_1738,Heather Watkins
C_1739,Jennifer Johnson
C_174,Rebecca Hernandez
C_1740,Matthew Greene
C_1741,Rebecca Smith
C_1742,Vanessa Bass
C_1743,Amanda Woodward
C_1744,Paul Rush
C_1745,Ann Thomas
C_1746,Christopher Adams
C_1747,Donna Andrews
C_1748,Andrew Wong
C_1749,Sara Smith
C_175,Garrett Tyler
C_1750,Isabella Richards
C_1751,Nathaniel Sosa
C_1752,Karen Smith
C_1753,Martin Collins
C_1754,Erin Bell
C_1755,Adriana Smith
C_1756,Nicole Jenkins
C_1757,Heather Buck
C_1758,Michael Hale
C_1759,Brian Woods
C_176,Benjamin Spears
C_1760,Robin Johnson
C_1761,Patrick Anderson
C_1762,Daniel Gallegos
C_1763,Christopher Perez
C_1764,Brandon Mendez
C_1765,Ashley Golden
C_1766,Karen Williams
C_1767,Michelle Hunt
C_1768,Mrs. Sheryl Rodriguez
C_1769,Kirsten Payne
C_177,Karen Mccoy
C_1770,Alyssa Adams
C_1771,Jessica Long
C_1772,Russell Martinez
C_1773,Martin Williams
C_1774,Alvin Mckay
C_1775,William Riddle
C_1776,Ross Adams
C_1777,Michelle Peterson
C_1778,Allen Jackson
C_1779,Julie Patterson
C_178,Carrie Stone
C_1780,Charles Gray
C_1781,Veronica Bishop
C_1782,Randy Kemp
C_1783,Destiny Davis
C_1784,Mark Hebert
C_1785,Joshua Terry
C_1786,Courtney Macdonald
C_1787,Ellen Lee
C_1788,Daniel Warner
C_1789,Carrie Castillo
C_179,Kathryn Young
C_1790,Christine Owens
C_1791,Sarah Santana
C_1792,Jason Rivas
C_1793,Tracy Barnes
C_1794,Nicholas Ward
C_1795,Tara Greer
C_1796,Linda Lopez
C_1797,Tyler Sampson
C_1798,Daniel Campbell
C_1799,Isabel Mccullough
C_18,Linda Berry
C_180,Christopher Turner
C_1800,Corey Thornton
C_1801,Kristen Bowman
C_1802,Rebecca Hansen
C_1803,Matthew Davis
C_1804,Matthew Shepherd
C_1805,Katie Brown
C_1806,Steven Evans
C_1807,Danielle Lynch
C_1808,Amy Garcia
C_1809,Victoria Lamb
C_181,Peter Miller
C_1810,Samuel Davenport
C_1811,Blake Gould
C_1812,James Contreras
C_1813,Anna Frey
C_1814,Phillip Lopez
C_1815,Audrey Compton
C_1816,Katherine Hall
C_1817,Grant Esparza
C_1818,Kari Johnson
C_1819,David Smith
C_182,Jean Sims
C_1820,Morgan Howard
C_1821,Stephanie Hill
C_1822,Dana Elliott
C_1823,Brian Adams
C_1824,Justin Bauer
C_1825,James Reyes
C_1826,Kathleen Ford
C_1827,Nicole Wright
C_1828,Amy Archer
C_1829,John Lopez
C_183,Steven White
C_1830,Jeffrey Williams
C_1831,Erin Tanner
C_1832,Jay Mcintyre
C_1833,Judith Gordon
C_1834,Nathan Lowe
C_1835,Dawn Wood
C_1836,Michael Acevedo
C_1837,Monica Fischer
C_1838,Kristy Webb
C_1839,Philip Smith
C_184,Jennifer Whitaker
C_1840,Andrea Luna
C_1841,Christopher Chaney
C_1842,Adam Wise
C_1843,Ashley Wright
C_1844,Kathryn Black
C_1845,Cassandra Jones
C_1846,Cody Richardson
C_1847,Nicole Lee
C_1848,Andrew Sawyer
C_1849,Emily Taylor
C_185,Mark Pugh
C_1850,Martin Rowland
C_1851,Natasha Hayden
C_1852,Melissa Burton
C_1853,Mrs. Kaitlin Douglas
C_1854,Yvonne Young
C_1855,Lucas Smith
C_1856,James Freeman
C_1857,Michael Branch
C_1858,Zoe Martin
C_1859,Amanda Johnson
C_186,Katrina Brown
C_1860,Matthew Owens
C_1861,Ashley Long
C_1862,Whitney Richmond
C_1863,Karen Reyes
C_1864,Crystal Castillo
C_1865,Jennifer Johnson
C_1866,Gabriel Henry
C_1867,Bryan Mcdonald
C_1868,Mark Wallace
C_1869,William Pacheco
C_187,Bryan Green
C_1870,Jeffery Osborne
C_1871,Michael Fletcher
C_1872,Alexandra Pennington
C_1873,William Taylor
C_1874,Carolyn Welch
C_1875,Brittany Moses
C_1876,Laura Smith
C_1877,Dawn Melton
C_1878,Jerry Chen
C_1879,Brandy Garza
C_188,Stephanie Singleton
C_1880,Richard Smith
C_1881,Dustin Spencer
C_1882,Elizabeth Day
C_1883,Brooke Garrett
C_1884,Billy Hernandez
C_1885,Erica Rodriguez
C_1886,James Ward
C_1887,Sharon Cooley
C_1888,Gregory Coleman
C_1889,Frank Webb
C_189,Jimmy Torres
C_1890,Adam King
C_1891,Brandon Peterson
C_1892,Rebecca Bailey DDS
C_1893,Claudia Vega
C_1894,Stanley Rowe
C_1895,Thomas Johnson
C_1896,Jennifer Sherman
C_1897,Melissa Black
C_1898,Maria Green
C_1899,Timothy Compton
C_19,Margaret Rivera
C_190,Ernest Carter
C_1900,Kenneth Hernandez
C_1901,Ricky Jones
C_1902,John Washington
C_1903,Sara Lee
C_1904,Lisa Gillespie
C_1905,Pamela Sanchez
C_1906,Doris Morrison
C_1907,Michael Spencer
C_1908,Tina Zamora
C_1909,James Olsen
C_191,Chelsea Gonzalez
C_1910,Kenneth Johnson
C_1911,Ashley Martinez
C_1912,Kevin Torres
C_1913,Brian Yang
C_1914,Danielle Russell
C_1915,Nicholas Walker
C_1916,Carrie Velazquez
C_1917,John Martin
C_1918,Kenneth Nguyen
C_1919,Robert Coleman
C_192,Robert Henson
C_1920,Jason Osborn
C_1921,Rebecca Stokes
C_1922,Daniel Robinson
C_1923,Lacey Brown
C_1924,Christina Archer
C_1925,Lindsey Foley
C_1926,Vickie Mcneil
C_1927,Michael Silva
C_1928,Taylor Norris DDS
C_1929,Jessica Hansen
C_193,Harold Barton
C_1930,Barbara Thomas
C_1931,Thomas Mcdaniel
C_1932,Veronica Joyce
C_1933,Shannon Lopez
C_1934,Stephanie Ramirez
C_1935,Rachel Jones
C_1936,Michael Waters
C_1937,Ethan Moore
C_1938,Mckenzie Butler
C_1939,Anita Smith
C_194,Shannon Williams
C_1940,Marcus Serrano
C_1941,Justin Ward
C_1942,Katelyn Hernandez
C_1943,Kathleen Reyes
C_1944,Joe Merritt
C_1945,Eric Davenport
C_1946,Frank Martinez
C_1947,Christina Merritt
C_1948,Jennifer Grant
C_1949,Paul Jones
C_195,Kenneth Williams
C_1950,Rachel Hamilton
C_1951,Carolyn Guzman
C_1952,David Norman
C_1953,Vanessa Young
C_1954,Brandi Robinson
C_1955,Christopher Wells
C_1956,Denise Pennington
C_1957,Latasha Rios
C_1958,Joe Dunn
C_1959,Richard Acevedo
C_196,Alicia Thomas
C_1960,Craig Costa
C_1961,Stephanie Alexander
C_1962,Brittany Jones
C_1963,Stacy Dillon
C_1964,Zachary Palmer
C_1965,John Mccall
C_1966,Rhonda Martin
C_1967,Michelle Montgomery
C_1968,Scott Hardy
C_1969,Scott Rubio
C_197,Denise Torres
C_1970,Gregory White
C_1971,Mrs. Laurie Martin
C_1972,Ashley Perry
C_1973,Denise Parker
C_1974,Chelsea Garcia
C_1975,Curtis Ramirez
C_1976,Sally Romero
C_1977,Richard Chavez
C_1978,Mark Lewis
C_1979,Deanna Esparza
C_198,Erika Jennings
C_1980,Brandon Edwards
C_1981,Joe Mueller
C_1982,Travis Peterson
C_1983,Alex Levy
C_1984,Hannah Solomon
C_1985,Ashley Hall
C_1986,Mary Evans
C_1987,Bob Cole
C_1988,Tyler Morris
C_1989,James Pena MD
C_199,Tony Russo
C_1990,Cheryl Rivera
C_1991,Clayton Stuart
C_1992,Dr. Matthew Williams DDS
C_1993,Candace Wright
C_1994,John Huang
C_1995,Heather Wright
C_1996,Aaron Grant
C_1997,Alexis Page
C_1998,Brandi Green
C_1999,Daniel Scott
C_2,Richard Herrera
C_20,Theresa Brown
C_200,Mrs. Kendra Perez MD
C_2000,Donald Payne
C_2001,Randy Richards MD
C_2002,James Wall
C_2003,Sandra Rivera
C_2004,Paul Robinson
C_2005,David Carter
C_2006,Jonathan Brown
C_2007,Steven Peterson
C_2008,Thomas Olsen
C_2009,Robert Davis
C_201,Kurt Wright
C_2010,Jorge King
C_2011,Deborah Bennett
C_2012,Thomas Patterson
C_2013,Matthew King
C_2014,Kristina Bradley
C_2015,Carol Thomas
C_2016,Bonnie Robinson
C_2017,Ashley Villanueva
C_2018,James Gray
C_2019,Sherri Chandler
C_202,Mr. Colin Logan
C_2020,Taylor Meyer
C_2021,Gina Barry
C_2022,Shannon Abbott
C_2023,Tiffany Schmidt
C_2024,Kylie Smith
C_2025,Dr. Dylan Davenport
C_2026,James Hoover
C_2027,Rebecca Travis
C_2028,Martin Jenkins
C_2029,James Hampton
C_203,Scott Stone
C_2030,Angela Barnes
C_2031,Kathryn Mccullough
C_2032,Toni Lynn
C_2033,Brittany Fitzpatrick
C_2034,Joseph Cruz
C_2035,Janet Gonzalez
C_2036,Pamela Kemp
C_2037,Nicole Williamson
C_2038,Amanda Bennett
C_2039,Tonya Christensen
C_204,Cassandra Henderson
C_2040,Kimberly Moss
C_2041,Susan Clark MD
C_2042,James Parker
C_2043,Robert Carrillo
C_2044,Beverly Bell
C_2045,Terri Berger
C_2046,Nicholas Roberts
C_2047,Kenneth Moreno
C_2048,Jordan Palmer
C_2049,Faith Rivas
C_205,Anthony Howell
C_2050,Tina Rogers
C_2051,Kimberly Krause
C_2052,Lori Green
C_2053,Lynn Brown
C_2054,Kristin Adams
C_2055,Chelsea Smith
C_2056,Matthew Mcmahon
C_2057,Miranda Rodriguez
C_2058,Mary Boyer
C_2059,Joshua Pierce
C_206,Joseph Bullock
C_2060,Jesus Bates
C_2061,Kevin Hahn
C_2062,David Brown
C_2063,Randall Diaz
C_2064,David Graves
C_2065,Evelyn Johnson
C_2066,Kimberly Salinas
C_2067,Abigail Garner
C_2068,Madison Delacruz
C_2069,Steven Wilson
C_207,Robert Stephens
C_2070,Thomas Griffin
C_2071,Lisa Jimenez
C_2072,Valerie Diaz
C_2073,Andrew Jones
C_2074,Craig Black
C_2075,Gary Austin
C_2076,Karen Roberts
C_2077,Peter Stanley
C_2078,Kristin Miller
C_2079,Benjamin Smith
C_208,Peggy Owens
C_2080,Jeffrey King
C_2081,Matthew Molina
C_2082,Douglas Nolan
C_2083,Denise West
C_2084,Adam Cooper
C_2085,Mark Lewis
C_2086,Zachary White
C_2087,Betty Evans
C_2088,Julie Burke
C_2089,Daniel Drake
C_209,Jeremy Alvarez
C_2090,Daniel Reyes
C_2091,Jill Thomas
C_2092,James Norman
C_2093,Brett Miles
C_2094,Marcus Ramirez
C_2095,Alexandra Francis
C_2096,Brandy Mayer
C_2097,Christina Sims
C_2098,Robert Lewis
C_2099,Lisa Reed
C_21,Clifford Jenkins
C_210,Paul Thompson
C_2100,Nicole House
C_2101,Eric Burke
C_2102,Karen Edwards
C_2103,Christine Ramos
C_2104,Lauren Garcia
C_2105,Dawn Baker
C_2106,Billy Wood
C_2107,Mark Pearson
C_2108,Jenny Herman
C_2109,Ryan White
C_211,Eric Pugh
C_2110,Steve Oliver
C_2111,Eric Sanchez
C_2112,Whitney Mathis
C_2113,Eric Daniels
C_2114,Teresa Howe
C_2115,Jennifer Buck
C_2116,Allen Perez
C_2117,Shane Lamb
C_2118,Brandon Griffith
C_2119,Brent Kirk
C_212,Christopher Taylor
C_2120,Jennifer Smith
C_2121,Maurice Green
C_2122,Christine Mendoza
C_2123,Karen Robinson
C_2124,Douglas Holt
C_2125,Morgan Brock DDS
C_2126,Richard Lewis
C_2127,Joshua Anderson
C_2128,Kelly Jones
C_2129,Stephanie Butler
C_213,Katherine Oconnor
C_2130,Thomas Wilkinson
C_2131,Susan Cervantes
C_2132,Candice Campos
C_2133,Johnathan Wade
C_2134,Franklin Vasquez
C_2135,Jasmine Smith
C_2136,Deanna Frank
C_2137,Christopher Cook
C_2138,Chase Mcdaniel
C_2139,James Morgan
C_214,Judith Mack
C_2140,Shelby Bridges
C_2141,Scott Garcia
C_2142,Natalie Long
C_2143,Kelly Stout
C_2144,George Rogers
C_2145,Michelle Maddox
C_2146,Kathy Diaz
C_2147,Shawn Harper
C_2148,Jeanne King
C_2149,Tyler Ramirez
C_215,Mary Compton
C_2150,William Peterson
C_2151,Kimberly Johnson
C_2152,Beth Flores
C_2153,Karen Daniels
C_2154,James Fisher
C_2155,Jeffrey Thompson
C_2156,Tina Stafford
C_2157,Michael Rich
C_2158,Dwayne Richards
C_2159,Gabriel Clark
C_216,Mark Jones
C_2160,Jenny Thomas
C_2161,Christopher Ward
C_2162,Jessica Buckley
C_2163,Andre Wilson
C_2164,Patricia Brown
C_2165,Matthew Sanchez
C_2166,Elijah Johnson
C_2167,Victoria White
C_2168,Lisa Hooper
C_2169,Ruth Barnes
C_217,Jennifer Schmidt
C_2170,James Lambert
C_2171,Beth Weber
C_2172,Jordan Burton
C_2173,Samantha Dennis
C_2174,Jason Robinson
C_2175,Travis Hardin
C_2176,Chad Fry
C_2177,Tara Taylor
C_2178,Bruce Gilmore
C_2179,Elizabeth Clark
C_218,Virginia Bennett
C_2180,Steven Walker
C_2181,Lonnie Cook
C_2182,Darren Cox
C_2183,Amanda Jackson
C_2184,Kevin Jacobson
C_2185,Patty Thompson
C_2186,Julia Morrow
C_2187,Kenneth Thomas
C_2188,Heidi Flores
C_2189,Carolyn Davis
C_219,Mary Sanchez
C_2190,Ashley Doyle
C_2191,Angela Barber
C_2192,Matthew Wallace
C_2193,Kevin Pham
C_2194,Kimberly Garcia
C_2195,Matthew Johnson
C_2196,Matthew Butler
C_2197,Tiffany Scott
C_2198,Julie Haynes
C_2199,Nicole Nelson
C_22,Jessica Howard
C_220,Brenda Foster
C_2200,Matthew Nelson
C_2201,Brenda Jimenez
C_2202,Patrick Love
C_2203,Jack Wolf
C_2204,Steven Hale
C_2205,Molly Reese
C_2206,Sheri Wang
C_2207,Andrew Lester
C_2208,Sharon Dixon
C_2209,Ashley Duncan
C_221,Stacey Barnett
C_2210,Tracy Mack
C_2211,Daniel Morales
C_2212,Eugene Chaney
C_2213,John Nichols
C_2214,Gina Martin
C_2215,Shelby Sims
C_2216,Robert Pierce
C_2217,Stephen Blanchard
C_2218,Lisa Contreras
C_2219,Tara Smith
C_222,Elizabeth Hardy
C_2220,Joseph Johnson MD
C_2221,Emily Woods
C_2222,Michael Lambert
C_2223,Kimberly Alvarado
C_2224,Misty Hooper
C_2225,Kaitlyn Parker
C_2226,Jordan Tran
C_2227,Jonathon Price
C_2228,Shane Adams
C_2229,Tammy Hodge
C_223,Virginia Adkins
C_2230,Jacob Ortiz
C_2231,Becky Baker
C_2232,Alexis Brown
C_2233,Joseph Collins
C_2234,Scott Chang
C_2235,Hunter Nicholson
C_2236,Timothy Schmidt
C_2237,Brandon Galvan
C_2238,Troy Smith
C_2239,Rebecca Buck
C_224,Crystal Peterson
C_2240,Craig Thomas
C_2241,Sean King
C_2242,Andrew Callahan
C_2243,Nancy White
C_2244,Lindsey Rivera
C_2245,Angela Schroeder
C_2246,Curtis Torres
C_2247,Jimmy Deleon
C_2248,Manuel Farley
C_2249,Louis Hunt
C_225,Donna Bryant
C_2250,Logan Gonzalez
C_2251,Alexander Wilson
C_2252,Cindy Phillips
C_2253,Wesley Harris
C_2254,Stephanie Lloyd
C_2255,Ellen Martin
C_2256,Christopher Rosales
C_2257,Stephen Robertson
C_2258,Austin Reynolds
C_2259,Gregory King
C_226,John Hart
C_2260,Wesley Macias
C_2261,Mrs. Pamela Smith
C_2262,Jason Scott
C_2263,Rachel Figueroa
C_2264,Christy Taylor
C_2265,Peter Lee
C_2266,Jeffrey Mcknight
C_2267,Diane Hunter
C_2268,Johnathan Barnes
C_2269,Richard Hess
C_227,Sherry Boyd
C_2270,Keith Crawford
C_2271,Kimberly Thompson
C_2272,Wesley Pacheco
C_2273,David Brooks
C_2274,Brandon Lee
C_2275,Elizabeth Briggs
C_2276,Luis Vance
C_2277,Stephanie Garcia
C_2278,Cynthia Paul MD
C_2279,Richard Schwartz
C_228,Robert Donovan
C_2280,Steven Hernandez
C_2281,Charles Dawson
C_2282,Barbara Lewis
C_2283,Christian Duran
C_2284,Michael Miller
C_2285,Paige Clark
C_2286,Douglas Gamble
C_2287,Adam Johnson
C_2288,Hannah Gonzalez
C_2289,Robert Mason
C_229,Kimberly Yates
C_2290,Rachel Bentley
C_2291,Mary Peterson
C_2292,Ashley Daniel
C_2293,Jennifer Walker
C_2294,Jessica Barrera
C_2295,Dwayne Mckee
C_2296,Melissa Larsen
C_2297,Shawn Bentley
C_2298,Kevin Bryant
C_2299,David Miller
C_23,Jonathan Fields
C_230,Joseph Williams
C_2300,Cynthia Thomas
C_2301,David Myers
C_2302,Brian Yoder
C_2303,Daniel Meyer
C_2304,Curtis Lynch
C_2305,Michael Suarez
C_2306,Angie Schwartz
C_2307,Kimberly Drake
C_2308,Lonnie Gray
C_2309,David Price
C_231,Michael Stanton
C_2310,Douglas Bowen
C_2311,Elizabeth James
C_2312,Loretta Garner
C_2313,Brian Rowland
C_2314,Michael Wall
C_2315,Cody Singleton
C_2316,Calvin Smith
C_2317,Ryan Robles
C_2318,Andrew Hughes
C_2319,Morgan Harris DDS
C_232,Christopher Jones
C_2320,Kaitlyn Smith
C_2321,Terri Campbell
C_2322,Xavier Logan
C_2323,Jordan Camacho
C_2324,Joseph Clark
C_2325,Ann Campos
C_2326,Brian Fry
C_2327,Christopher Gallagher
C_2328,Theresa Humphrey
C_2329,Lisa Gaines
C_233,Ryan Hancock
C_2330,Madison Fitzpatrick
C_2331,Shane Murray
C_2332,Vicki Curtis
C_2333,Courtney Myers
C_2334,Lisa Benson
C_2335,Stephanie Bray
C_2336,David Richardson
C_2337,James Johnson
C_2338,Nancy Simmons
C_2339,Ashley Evans
C_234,James Kim
C_2340,Xavier Smith
C_2341,Jonathan Davenport
C_2342,Brandon Butler
C_2343,Vincent Smith
C_2344,Sheila Robertson
C_2345,Stephanie Cox
C_2346,Jennifer Palmer
C_2347,Danielle Cannon
C_2348,Mr. Michael Cain
C_2349,Teresa Mitchell
C_235,Nancy Daniels
C_2350,Michael Green
C_2351,Kevin Travis
C_2352,Alyssa Jones
C_2353,Michael Hickman
C_2354,Valerie Kirk
C_2355,John Hendricks
C_2356,Jane Dixon
C_2357,Patrick English
C_2358,Jonathon Austin
C_2359,Anthony Harris
C_236,Ashley Ward
C_2360,Abigail Shelton
C_2361,Jessica Burns
C_2362,Cameron Chavez
C_2363,Jim Chavez
C_2364,Gregory Maxwell
C_2365,Jennifer Mcdowell
C_2366,Derek Hayden
C_2367,Rodney Gray
C_2368,John Weber
C_2369,Wendy Mcdowell
C_237,Madeline Moore
C_2370,Courtney Stein
C_2371,Donald Roberts
C_2372,Sheila Black
C_2373,David Hunter
C_2374,Ashley Caldwell
C_2375,Nicole Gonzalez
C_2376,Zoe Cobb
C_2377,Amanda Rich
C_2378,Chelsea Lutz
C_2379,Andrea Johnson
C_238,Alyssa Ramirez
C_2380,Katie Huffman
C_2381,Troy Mcguire
C_2382,Edward Salas
C_2383,Aaron Chang
C_2384,Stacey Ashley
C_2385,Heather Ali
C_2386,Laurie Andrews
C_2387,Daniel Butler
C_2388,Mary Robinson
C_2389,Michael Peters
C_239,Spencer Mcdonald
C_2390,Larry Alvarez
C_2391,Janet Nelson
C_2392,Jennifer Bryant
C_2393,Megan Wood
C_2394,Tony Wagner
C_2395,Donna Haley
C_2396,Tara Sanchez
C_2397,Edwin Davis
C_2398,Savannah Horn
C_2399,Deborah Herrera
C_24,Vanessa Morton
C_240,Sean Johns
C_2400,Anne Clark
C_2401,Veronica Johnson
C_2402,Michael Deleon
C_2403,Natasha Nielsen
C_2404,Steven Mills
C_2405,Brenda Silva
C_2406,Kenneth Rodriguez
C_2407,George Frazier
C_2408,Brittany Reynolds
C_2409,Carlos Santos
C_241,Meghan Henry
C_2410,William Boyd
C_2411,Timothy Scott
C_2412,Laura Daniel
C_2413,Robert Harrington DDS
C_2414,Matthew Jones
C_2415,Laurie Flores
C_2416,Diane Nelson
C_2417,Michael Bond
C_2418,Anthony Gallegos
C_2419,Stephen Bridges
C_242,Allen Bullock
C_2420,Thomas Miller
C_2421,Chad Black
C_2422,Dean Pineda MD
C_2423,Amy Anthony
C_2424,Kimberly Saunders
C_2425,Diamond Thompson
C_2426,Jessica Castillo
C_2427,Mary Hart
C_2428,Eric Mendez
C_2429,Kevin Clark
C_243,Kelly Francis
C_2430,Scott Lee
C_2431,Theresa Avery
C_2432,Michael Smith
C_2433,Tom Orr
C_2434,Lucas Pratt
C_2435,Ryan Lawson
C_2436,Charles Moore
C_2437,Brian Nelson
C_2438,Katie Hahn
C_2439,Travis Rangel
C_244,Victor Bell
C_2440,Mrs. Dawn Aguilar
C_2441,Dylan Woods
C_2442,Wanda Cook
C_2443,Alicia Olson
C_2444,Michelle Jennings
C_2445,Bryan Black
C_2446,Sheila Santos
C_2447,Brian Hunt
C_2448,Calvin Walker
C_2449,Courtney Moyer
C_245,Jamie Graham
C_2450,Susan Boyd
C_2451,Christopher Ballard
C_2452,Logan Harrington
C_2453,Troy Silva
C_2454,Deborah Bailey
C_2455,Alexander Gates
C_2456,Kimberly Arias
C_2457,Melissa Holder
C_2458,Kevin Skinner
C_2459,Kevin Ball
C_246,Amanda Gardner
C_2460,Kenneth Marshall
C_2461,Latasha Sanchez
C_2462,Sue Brady
C_2463,Megan Griffin
C_2464,Jason Scott
C_2465,Cynthia Moore
C_2466,Matthew Marsh
C_2467,Daniel Clark
C_2468,Anthony Robinson
C_2469,Ryan Brooks
C_247,Emily Gutierrez
C_2470,Jeffery Phillips
C_2471,Mikayla Garcia
C_2472,Bryan Cisneros
C_2473,Michelle Robertson
C_2474,Sheila Marshall
C_2475,Laura Chen
C_2476,George Watkins
C_2477,Melissa Gibbs
C_2478,Andrea Lewis
C_2479,Michael Lang
C_248,William Ramirez
C_2480,Steven Holder
C_2481,Veronica Wilson
C_2482,John Williams
C_2483,Nathaniel Walker
C_2484,Emily Ortiz
C_2485,James Hardy
C_2486,Richard Bishop
C_2487,Brittany Macdonald
C_2488,Elizabeth Watson
C_2489,Tristan Lane
C_249,Tracy Lee
C_2490,Samantha Harrington
C_2491,Billy Newton
C_2492,Destiny Cross
C_2493,Daniel Anderson
C_2494,Benjamin Brandt
C_2495,Joshua Martinez
C_2496,Billy Vincent
C_2497,Stephen Ruiz
C_2498,Jaclyn Gill
C_2499,Tammy Christensen
C_25,Dr. Carrie Anderson
C_250,Jesse Brown
C_2500,Katie Schmidt
C_2501,Robert Peterson
C_2502,Richard Summers
C_2503,Jerry Munoz
C_2504,Monica Hudson
C_2505,Jose Alexander
C_2506,Linda Hernandez
C_2507,Laura Dixon
C_2508,Paul Mendoza
C_2509,Andrea Carr
C_251,Mr. Donald Hammond
C_2510,Tina Conner
C_2511,Marie Rodriguez
C_2512,Aaron Townsend
C_2513,Raymond Glass
C_2514,Alexis Smith
C_2515,Maria Chapman
C_2516,Justin Dorsey
C_2517,Alec Moore
C_2518,Kathryn Craig
C_2519,Julia Bowen
C_252,Mr. Christopher Hendricks
C_2520,Brett Garza
C_2521,Amber Rodriguez
C_2522,Melanie Vaughan
C_2523,Edwin Martinez
C_2524,Brandon Sanchez
C_2525,Amber Herrera
C_2526,Jillian Diaz
C_2527,Kristin Wells
C_2528,Henry Ramirez
C_2529,Gary Jimenez
C_253,Jonathon Lloyd
C_2530,Johnny Horton
C_2531,Kristine Simon
C_2532,Tanya Smith
C_2533,Molly Smith
C_2534,Patrick Kirby
C_2535,Randall Grant
C_2536,Edward Kim
C_2537,Billy Villanueva
C_2538,Marvin Bailey
C_2539,Johnny Rodriguez
C_254,Alex Hartman
C_2540,Carlos Williams
C_2541,Victoria Carter
C_2542,Mathew Washington
C_2543,Joel Jenkins
C_2544,Amy Vaughan
C_2545,Latasha Taylor
C_2546,Nancy Nelson
C_2547,Carolyn Forbes
C_2548,David Cruz
C_2549,Jeremy Cooper
C_255,Joseph Reese
C_2550,Kimberly Holt
C_2551,Erik Gordon
C_2552,Erin Brown
C_2553,Heather Phillips
C_2554,Christopher Rodriguez
C_2555,Ashley Patel
C_2556,Eric Hughes
C_2557,Krista Griffith
C_2558,Joseph Guzman
C_2559,Matthew Schmitt
C_256,Victoria Shaffer
C_2560,Raymond Brewer
C_2561,Jamie Johnston
C_2562,Victor Wilcox
C_2563,Elizabeth Ramirez
C_2564,Dominique Wilson
C_2565,Nicole Pope
C_2566,Timothy Ortega
C_2567,James Goodwin
C_2568,Jason White
C_2569,Samantha White
C_257,Candice Castillo
C_2570,Jesse Mejia
C_2571,Amanda Kelly
C_2572,Cathy Cruz
C_2573,Kim Conway
C_2574,Melissa Carpenter
C_2575,Amber Harper
C_2576,Christopher Bailey
C_2577,Justin Stevenson
C_2578,Kerry Morales
C_2579,Debra Jones
C_258,Valerie Frederick
C_2580,Mr. David Rodriguez II
C_2581,Angela Tucker
C_2582,Katherine Reynolds
C_2583,Nathaniel Gonzales
C_2584,Kayla Nguyen
C_2585,Susan Walters
C_2586,Charles Contreras
C_2587,Jessica Andrade
C_2588,Danielle Flowers
C_2589,David Buckley
C_259,Debra Evans
C_2590,Katherine Schultz
C_2591,David Medina
C_2592,Mary Williams
C_2593,Allen Beck
C_2594,Keith Zimmerman
C_2595,Ashley Dougherty
C_2596,Michael Valenzuela
C_2597,Christopher Nelson
C_2598,Jonathan Chambers
C_2599,Michael Jones
C_26,Colin Scott
C_260,Michael Scott
C_2600,Joan Thompson
C_2601,Theodore Williams
C_2602,Jessica Carrillo
C_2603,Morgan Miller
C_2604,Sarah Lozano
C_2605,Gary Mills
C_2606,Gary Strong
C_2607,Jose Mason
C_2608,Laura Johnson
C_2609,David Johnson
C_261,Brent Sullivan
C_2610,Gail Dixon
C_2611,Carolyn Morris
C_2612,Bryan Mathis
C_2613,Meghan Bass
C_2614,Susan Johnson
C_2615,Sierra Deleon
C_2616,Jeremy Wagner
C_2617,Mallory Kennedy
C_2618,Robin Peterson
C_2619,Chad Smith
C_262,Alicia Miller
C_2620,Yvette Arias
C_2621,Heather Wilkins
C_2622,Bradley Wilson
C_2623,Robert Sanders
C_2624,Howard Bradshaw
C_2625,Jacob May
C_2626,Joshua Watkins
C_2627,Dale Johnson
C_2628,Rachel Leach
C_2629,Margaret Chan
C_263,Dr. John Sanders
C_2630,Gary May
C_2631,Eric Campbell
C_2632,Brandy Lewis
C_2633,Sarah Gregory
C_2634,Jennifer Woods
C_2635,Victor Kemp
C_2636,Christopher Cook
C_2637,Bryan Stanley
C_2638,Carmen West
C_2639,Tracy Rodriguez
C_264,William Price
C_2640,Connie Mcdaniel
C_2641,Sharon Hogan
C_2642,Ernest Hernandez
C_2643,Jesse Clark
C_2644,William Mays
C_2645,Joshua Chapman
C_2646,Brian Hardin
C_2647,Roberto Rodriguez
C_2648,Vanessa Jackson
C_2649,Michelle Mcbride
C_265,James Williams
C_2650,Erik Hudson
C_2651,Christopher King
C_2652,Regina Mann
C_2653,Stacy Thomas
C_2654,Jordan Pierce
C_2655,Kenneth Mcgrath
C_2656,Sarah Woods
C_2657,William Lee
C_2658,Caleb Hanna
C_2659,Lauren Brennan
C_266,Shelly Hernandez
C_2660,Jamie Petersen
C_2661,Chelsea Daniels
C_2662,Natalie Stark
C_2663,Alex Thomas
C_2664,Stephen Jacobs
C_2665,Lori Banks
C_2666,Corey Bryan
C_2667,Dr. Bridget Richmond
C_2668,Nina Wilson
C_2669,Julia Carter
C_267,Brent Garcia
C_2670,Rebecca Mosley
C_2671,Laura Rodriguez
C_2672,Joel Smith
C_2673,Rita Sullivan
C_2674,Tammy Ware
C_2675,Julie Simmons
C_2676,Melissa Gates
C_2677,Mark Malone
C_2678,Kimberly Stone
C_2679,Sheila Mendoza
C_268,Christina Young
C_2680,Juan Lynn
C_2681,Emma Adams
C_2682,Wayne Gamble
C_2683,Stacy Floyd
C_2684,Willie Miller
C_2685,Mary Page
C_2686,Marc Moore
C_2687,Luke Harrell
C_2688,Kevin Sanchez
C_2689,Todd Brown
C_269,Miguel Hill
C_2690,Lindsey Ross
C_2691,Cheryl Singleton
C_2692,Betty Williams
C_2693,Kimberly Roberts
C_2694,Wendy Combs
C_2695,Kimberly Graham
C_2696,Jordan Finley
C_2697,Rachael Johnson
C_2698,Cassandra James
C_2699,Cathy Sherman
C_27,Jim Gomez
C_270,Barbara Campbell
C_2700,Holly Peterson
C_2701,Cameron Weber
C_2702,Justin Alvarez
C_2703,James Johnson
C_2704,Elizabeth Murphy
C_2705,Denise Murray
C_2706,Mary Moss
C_2707,Joel Patrick
C_2708,Brett Escobar
C_2709,Kevin Wise
C_271,Ana Harvey
C_2710,Linda Wall
C_2711,Deanna Valencia
C_2712,Angela Evans
C_2713,Robert Clark
C_2714,Ryan Scott
C_2715,Faith Madden
C_2716,Felicia Ortiz
C_2717,Michael Franklin
C_2718,Carolyn Mcneil
C_2719,Jesse Murphy
C_272,Jay Williams
C_2720,Christopher Taylor
C_2721,Elizabeth Hughes
C_2722,George Rivers
C_2723,Roberto Harris
C_2724,Jason Petersen
C_2725,Dalton Garcia
C_2726,John Holloway
C_2727,Melanie King
C_2728,Brian Larsen
C_2729,James Wilson
C_273,Daniel Cunningham
C_2730,Timothy Collier
C_2731,Rebecca Hardy
C_2732,Ashley Hicks
C_2733,Carlos Davis
C_2734,Charles Smith
C_2735,Amber Thomas
C_2736,Alexander Crawford
C_2737,Lauren Wright DVM
C_2738,Hannah Robinson
C_2739,Candice Rice
C_274,Mark Hall
C_2740,Collin Fry
C_2741,Travis Knight
C_2742,Cassidy Stephenson
C_2743,Jessica Wagner
C_2744,Nancy Rogers
C_2745,Peter Doyle
C_2746,Kimberly Kirk
C_2747,John Boyd
C_2748,Tara Livingston
C_2749,Jonathan Shaw
C_275,Angela Smith
C_2750,Bernard Gill
C_2751,Tracy Contreras
C_2752,Marc Curtis
C_2753,Christopher Bowers
C_2754,Lisa Harper
C_2755,Ronald Wood
C_2756,Alyssa David
C_2757,Casey Henderson
C_2758,Michael Wade
C_2759,David Berger
C_276,Kevin Thompson
C_2760,Jennifer Lloyd
C_2761,Gregory Davis
C_2762,Benjamin Wilson MD
C_2763,Jennifer Scott
C_2764,Rhonda Medina
C_2765,Tara Woodard
C_2766,Jordan Bailey
C_2767,Suzanne Carr
C_2768,Samantha Smith
C_2769,Adam Roth
C_277,Bradley Salas
C_2770,Brittany Rogers
C_2771,Tyler Brooks
C_2772,Kristy Rodriguez
C_2773,Tommy Lara
C_2774,Robert Salinas
C_2775,Mr. Brian Medina Jr.
C_2776,Leslie Thomas
C_2777,Jordan Mclean
C_2778,Mr. David Edwards
C_2779,Michael Martinez
C_278,Amanda Kane
C_2780,John Bryant
C_2781,Emily Erickson
C_2782,Alexis Estrada
C_2783,Troy Valenzuela
C_2784,Brian Miller
C_2785,Michelle Boyd
C_2786,Stephanie Anderson
C_2787,Eric Anderson
C_2788,Jennifer Thomas
C_2789,Jason Bowman
C_279,Kimberly Thomas
C_2790,Amber Fields
C_2791,Matthew Allison
C_2792,Kelsey Ferguson
C_2793,Steven Ray
C_2794,Catherine Trevino
C_2795,Christopher Burton
C_2796,David Wilson
C_2797,Vanessa Swanson
C_2798,Ruth Perry
C_2799,Jonathan Ochoa
C_28,Catherine Castro
C_280,Chelsea Graves
C_2800,Richard Brown
C_2801,Timothy Sullivan
C_2802,Mrs. Kristin Smith
C_2803,Samantha Walton
C_2804,Emily Allen
C_2805,Kayla Vaughan
C_2806,Joseph Johnson
C_2807,Todd Johnson
C_2808,Amanda Flowers
C_2809,Jill Gilbert
C_281,Mr. Jack Smith
C_2810,Teresa Lopez
C_2811,Melissa Boyer
C_2812,Lori Mitchell
C_2813,Jessica Hunt
C_2814,Kaitlyn Boyd
C_2815,Jordan Roman
C_2816,Anthony Porter
C_2817,William Wright
C_2818,Mrs. Jessica Cohen MD
C_2819,Heather Glass
C_282,Michael Romero
C_2820,Laura Ross
C_2821,Isaiah Padilla DVM
C_2822,Dale Brown
C_2823,Angela Hays
C_2824,Victoria Burch
C_2825,Danielle Medina
C_2826,Russell Solomon
C_2827,Jesse Martinez
C_2828,Sarah Willis
C_2829,Madison Shaw
C_283,Robert Mitchell
C_2830,Jon Humphrey
C_2831,Edward Diaz
C_2832,Craig Cohen
C_2833,Ellen Wright
C_2834,Laurie Green
C_2835,Anthony Frey
C_2836,Veronica Vargas
C_2837,Terrance Stanton
C_2838,Hunter Robinson
C_2839,Darlene Leblanc
C_284,Steven York
C_2840,Judith Wade
C_2841,Steven Berry
C_2842,Robert Gonzalez
C_2843,Rachel Lopez DVM
C_2844,Renee Frye
C_2845,Randy Wright
C_2846,Amy Chen
C_2847,Jacob Medina
C_2848,Heather Elliott
C_2849,Jonathan Lam
C_285,Emily Ramirez DDS
C_2850,Melissa Whitaker
C_2851,Nathaniel Jones
C_2852,Samantha Perez
C_2853,Richard Nichols
C_2854,Alexander Le
C_2855,Heather Barker
C_2856,Rodney Solis
C_2857,Robert Hughes
C_2858,Elizabeth Yates
C_2859,Carrie Harrison
C_286,Margaret Curtis
C_2860,Katherine Johnson
C_2861,Patricia Thompson
C_2862,Angel Pearson
C_2863,Brian Green
C_2864,Olivia Lyons
C_2865,Wendy Johnson
C_2866,Todd Poole
C_2867,Michelle Rodriguez
C_2868,Caitlin Newton
C_2869,Emily Griffin
C_287,Erin Mcconnell
C_2870,Anthony Espinoza
C_2871,Rodney Keith
C_2872,Laura Mathis
C_2873,Rebecca Smith
C_2874,Amanda Farley
C_2875,Kayla Young
C_2876,Dawn Smith
C_2877,Andrew Washington
C_2878,Benjamin Rodriguez
C_2879,Scott Gonzalez
C_288,Howard Phillips
C_2880,Kevin Keith
C_2881,Kevin Daugherty
C_2882,John Smith
C_2883,Stephanie Coffey
C_2884,Gregory Smith
C_2885,Michaela Brown
C_2886,James Mcgrath
C_2887,Jessica Stephens
C_2888,Pamela Elliott
C_2889,Joshua Mckee
C_289,John Johnson
C_2890,Derek Evans
C_2891,Anne Higgins
C_2892,Shawn Marsh
C_2893,Nicholas Jones
C_2894,Brenda Lloyd
C_2895,Jerry Kim
C_2896,David King
C_2897,Theresa Rubio
C_2898,Kevin Duncan DVM
C_2899,Zachary Richardson
C_29,Matthew Mitchell
C_290,Matthew Miranda
C_2900,Alexis Ryan
C_2901,Gary Weeks
C_2902,James Ortiz
C_2903,Joshua Cooke
C_2904,Eugene Owens
C_2905,Rebecca Martin
C_2906,Eric Foster
C_2907,Mr. Jamie Hernandez
C_2908,Lindsey Hancock
C_2909,Zachary Patton
C_291,James Hunt
C_2910,Eric Edwards
C_2911,Melissa Miller
C_2912,Michael Cook
C_2913,Kimberly Chavez
C_2914,Eugene Fisher
C_2915,Benjamin Lee
C_2916,Brittany Lowe
C_2917,Sue Brady
C_2918,Jennifer Lee
C_2919,Kelly Duran
C_292,Anne Walker
C_2920,Scott Mitchell
C_2921,Jill Rivera MD
C_2922,Melissa Griffin
C_2923,Kari Guzman
C_2924,Jill Fry
C_2925,Michael Simmons
C_2926,Joseph Chan
C_2927,Cynthia Smith
C_2928,Catherine Mcguire
C_2929,Kara Watts
C_293,Shelly Smith
C_2930,Heather Valdez
C_2931,Pamela Williamson
C_2932,Dwayne Tate
C_2933,Beth Washington
C_2934,Angela Patrick
C_2935,James Leon
C_2936,Kimberly Franklin
C_2937,Devin Hubbard
C_2938,Pamela Quinn
C_2939,David Cunningham
C_294,Chelsea Blackburn
C_2940,Jennifer Smith
C_2941,Martin Wolf
C_2942,Denise Estes
C_2943,Aaron Jenkins
C_2944,Wesley Bishop
C_2945,Dr. Alejandra Smith
C_2946,Kathleen Rice
C_2947,Samantha Yu
C_2948,Charlene Vasquez
C_2949,Melinda Ortega
C_295,Robert Roy
C_2950,Cassidy Carter
C_2951,Gregory Thompson
C_2952,Melissa Jones
C_2953,Jessica Martinez
C_2954,Deborah Parker
C_2955,Betty Perez
C_2956,Katherine Wood
C_2957,Daniel Williams
C_2958,Christopher Hill
C_2959,Jennifer Greer
C_296,Mark Rogers
C_2960,Richard Sanders
C_2961,Scott Reyes
C_2962,Stacey Johnson
C_2963,Christine Luna
C_2964,Matthew Hardy
C_2965,Jeremy Hinton
C_2966,Lauren Johnson
C_2967,Heather Simmons
C_2968,Lauren Herrera
C_2969,Ethan Kennedy
C_297,John Raymond
C_2970,Julia Beasley
C_2971,Ricardo James
C_2972,Kayla Ibarra
C_2973,Thomas Hall
C_2974,Jennifer Nicholson
C_2975,Donna Turner
C_2976,Melissa Kennedy
C_2977,Christina Skinner
C_2978,Cody Fields
C_2979,Tony Thomas
C_298,Samantha Gross
C_2980,Wyatt Soto
C_2981,Andrea Garcia
C_2982,Stephanie Palmer
C_2983,Heather Owens
C_2984,Brenda Grant
C_2985,Roberta Johnson
C_2986,Michael Thomas
C_2987,Christina Sawyer
C_2988,Richard Welch
C_2989,Patrick Lambert
C_299,Michelle King
C_2990,Joseph Mills
C_2991,Kaitlyn Campbell
C_2992,Stacey Sandoval
C_2993,Gerald Dickson
C_2994,Michelle Ford
C_2995,Marissa Mejia
C_2996,Chad Clayton
C_2997,Lindsey Kennedy
C_2998,Thomas Johnson
C_2999,Nathan Chen
C_3,Joseph Gregory
C_30,Elizabeth Carrillo
C_300,Martha Phillips
C_3000,Mr. Larry Smith
C_3001,Ryan Richardson
C_3002,Danielle Lewis
C_3003,John Ryan
C_3004,Connie Rios
C_3005,Kayla Phelps
C_3006,Marcus Nunez
C_3007,Eric Fox
C_3008,Dave Christensen
C_3009,Paul Franco
C_301,Matthew Dixon
C_3010,Kathleen Mann
C_3011,Jeremy Jones
C_3012,John Booker
C_3013,Marcus Anderson
C_3014,Jill Mcfarland
C_3015,Monica Gomez
C_3016,Katherine Leon
C_3017,Mark Foster
C_3018,Tyler Colon
C_3019,Taylor Taylor
C_302,Ronald Huerta
C_3020,Nicole Mullins
C_3021,Dana Green
C_3022,Stephanie Williams
C_3023,Ashley Lloyd
C_3024,Stacey Brown
C_3025,Carrie Massey
C_3026,Brooke Kidd
C_3027,Anita Lopez
C_3028,Sean Faulkner
C_3029,Patrick Murray
C_303,Toni Jackson
C_3030,Linda Simon
C_3031,Sierra Wright
C_3032,Melissa Baker
C_3033,Barry Mcdaniel
C_3034,Kimberly Martin
C_3035,Angela Santana
C_3036,Michelle Adams
C_3037,Frank Mccarty
C_3038,Roy Hansen
C_3039,Dana Hernandez
C_304,Jose Sanchez
C_3040,Christina Miller
C_3041,Joseph Hendrix
C_3042,Holly Haney
C_3043,Kenneth Morrison
C_3044,Mrs. Eileen Mccullough MD
C_3045,John Fox
C_3046,Mike Thompson
C_3047,Christine Foster
C_3048,Ashley Hernandez
C_3049,Donald Davis
C_305,Jason Martin
C_3050,Deborah Hicks
C_3051,Christopher Wood
C_3052,Seth Harris
C_3053,John Campbell
C_3054,Madeline Proctor
C_3055,Gregory Morgan
C_3056,Ryan Roberts
C_3057,Edward Singh
C_3058,Brandon Klein
C_3059,Alexis Mcguire
C_306,Stacey Thomas
C_3060,Courtney Warren
C_3061,Jennifer Wise
C_3062,Jeffrey Logan
C_3063,Robert Murray
C_3064,Howard Taylor
C_3065,April Jackson
C_3066,Jessica Patel
C_3067,Lisa Hendricks
C_3068,Paul Burch
C_3069,Lindsay York
C_307,Michael Vasquez
C_3070,Derrick Thomas
C_3071,Adam Martinez
C_3072,Marcus Allen
C_3073,Paula Ruiz
C_3074,Thomas Kelly
C_3075,David Lewis
C_3076,Karen Stafford
C_3077,Steven Scott
C_3078,Kelli Berry
C_3079,Jeffrey Mccoy
C_308,Stephen Brown
C_3080,Ashley Chandler
C_3081,Joseph Everett IV
C_3082,Daniel Vasquez
C_3083,Kyle Ruiz
C_3084,Tammy Bailey
C_3085,Bryan Robinson
C_3086,Jason Williams
C_3087,Allison Dickerson
C_3088,Brenda Russell
C_3089,Jimmy Johns
C_309,David Kelley
C_3090,Tracy Kirk
C_3091,Megan Jones
C_3092,Connor Flynn
C_3093,Dr. Kristin Ross
C_3094,Micheal Hall
C_3095,Shawn Greene MD
C_3096,Jessica Ewing
C_3097,Anita Lee
C_3098,Edward Watson
C_3099,Andrew Stevens
C_31,Wanda Brooks
C_310,Ashley Torres
C_3100,Devin Davis
C_3101,Rebecca Heath
C_3102,Joshua Martinez
C_3103,Ryan Peters
C_3104,Shelly Miller
C_3105,Danielle Cook
C_3106,Michael Baker
C_3107,Anthony Giles
C_3108,Sheri Davila
C_3109,Kimberly Moore
C_311,Victoria Mercado
C_3110,Alyssa Figueroa
C_3111,Lisa Davis
C_3112,Gabrielle Cooke
C_3113,Rebecca White
C_3114,Patricia Sims
C_3115,Christopher Yang
C_3116,Allen Berger
C_3117,Joseph Moore
C_3118,Jeremiah Fuller
C_3119,Madison Patterson
C_312,Veronica Powell
C_3120,Brian Alvarez
C_3121,Jeffrey Davis
C_3122,Margaret Fields
C_3123,Nicole Gamble
C_3124,Maria Reed
C_3125,Elizabeth Travis
C_3126,Kristin Robinson
C_3127,Linda Bright
C_3128,Michael Clark
C_3129,Joshua Cox
C_313,Elizabeth Pacheco
C_3130,Richard Yang
C_3131,Theresa Wolfe
C_3132,Daniel Robinson
C_3133,Daniel Rowe
C_3134,Christopher Miller
C_3135,Hannah Phelps
C_3136,Christopher Stevenson
C_3137,Mr. Christopher Booth DDS
C_3138,Valerie Dixon
C_3139,Michelle Sullivan
C_314,Mark Cummings
C_3140,Christopher Thompson
C_3141,Lori Stephens
C_3142,Kevin Gonzalez
C_3143,Amanda Levine
C_3144,Melissa Taylor
C_3145,Taylor Mckenzie
C_3146,Randall Blackburn
C_3147,Maria Scott
C_3148,Dana Jimenez
C_3149,Jason Hill
C_315,Ryan Curtis
C_3150,Daniel Jimenez
C_3151,Andrew Davis DDS
C_3152,Leslie Moore
C_3153,Jessica Reed
C_3154,Autumn Hamilton
C_3155,Shelby Herrera
C_3156,Jean Dorsey
C_3157,Sandy Lyons
C_3158,Joshua Wise
C_3159,Anthony Glass
C_316,Ian Savage
C_3160,Elizabeth Brewer
C_3161,Cristian Bond
C_3162,Terri Le
C_3163,Joseph Griffin
C_3164,David Howell
C_3165,Richard Gomez
C_3166,Betty George
C_3167,Thomas Wolf
C_3168,Brandon Roberts
C_3169,Ronald Kim
C_317,James Parker
C_3170,Charles Schmidt
C_3171,Julia Lyons
C_3172,Scott Romero
C_3173,Lindsey Reed
C_3174,Anthony Hudson
C_3175,Jordan Morrow
C_3176,Kirsten Jones
C_3177,Veronica Short
C_3178,Marie Spencer
C_3179,Tara Salinas
C_318,Joshua Williams
C_3180,Vincent Sloan
C_3181,Stephanie Butler
C_3182,Debbie Smith
C_3183,Thomas Boyd
C_3184,Ashley Thomas
C_3185,Austin Luna
C_3186,Nicole Edwards
C_3187,Jill West
C_3188,Kyle Ware
C_3189,Shane Elliott
C_319,John Harris
C_3190,Ryan King
C_3191,John Williams
C_3192,Heather Diaz
C_3193,Dawn Oliver
C_3194,Mark Rodriguez
C_3195,Krystal Cole
C_3196,Jennifer Campbell
C_3197,Jeffrey Black
C_3198,Kelly Aguilar
C_3199,Ryan Davis
C_32,Brooke Moore
C_320,Stacie Spencer
C_3200,Daniel Perez
C_3201,Allen Roberts
C_3202,Amanda Smith
C_3203,Miguel Barber
C_3204,Patrick Patterson
C_3205,Casey King
C_3206,Andrea Hayes
C_3207,Donna Williams
C_3208,Donna Washington
C_3209,Katie Jones
C_321,Brenda Decker
C_3210,Jennifer Lee
C_3211,Tracy Mitchell
C_3212,Deborah Flores
C_3213,Christopher Becker
C_3214,Michelle Warren
C_3215,Jonathan Wolf
C_3216,Jeremy Fischer
C_3217,Timothy Moss
C_3218,Rebecca Gutierrez
C_3219,Randy Brady
C_322,Ronald Montes
C_3220,Tracy Kennedy
C_3221,Michelle Smith
C_3222,Margaret Harmon
C_3223,David Larsen
C_3224,Jessica Vega
C_3225,Rhonda Beard
C_3226,Alexander Williams
C_3227,Francisco Herring
C_3228,Evelyn Vang
C_3229,Tracey Hinton
C_323,Kimberly Johnson
C_3230,Jeffery Stout
C_3231,Michelle Dyer
C_3232,Joseph Williams
C_3233,George Anderson
C_3234,Jerry Hernandez
C_3235,Derek Lang
C_3236,David Anderson
C_3237,Mark Richardson
C_3238,Beth Suarez
C_3239,George Freeman
C_324,Kurt Mahoney
C_3240,Amanda Waters
C_3241,Mark Holt
C_3242,Linda Ray
C_3243,Jesse Le
C_3244,Katherine Young
C_3245,Adam Smith
C_3246,Anthony Mitchell
C_3247,Amy Cooley
C_3248,Brian Stewart
C_3249,Kristin Morton
C_325,Claire Hogan
C_3250,Eric Mcknight
C_3251,Duane Mullins
C_3252,Gina Morrison
C_3253,Dr. Gabrielle Norris
C_3254,Mike Ayala
C_3255,Richard Cummings
C_3256,Andrea Beck
C_3257,Michael Parker
C_3258,Robert Perez
C_3259,Alexander Becker
C_326,Randy Evans
C_3260,Gary Williams MD
C_3261,Cheryl Chase
C_3262,Natalie Gray
C_3263,Sarah Craig
C_3264,Wesley Mckinney
C_3265,Lawrence Miller
C_3266,Veronica Curtis MD
C_3267,Stacey Price
C_3268,Mark Robertson
C_3269,Joy Baker
C_327,Kenneth Smith
C_3270,Samantha Ramos
C_3271,Patricia Holmes
C_3272,Danny Ramirez
C_3273,Bruce Parker
C_3274,Michael Matthews
C_3275,Brenda Dyer
C_3276,Ariel Rodriguez
C_3277,Kristina Andrews
C_3278,Daniel Brown
C_3279,Emily Edwards
C_328,Kristin Davis
C_3280,Anthony Kent
C_3281,Kristina Fields
C_3282,Stephanie Brown
C_3283,Helen Orozco
C_3284,William Hall
C_3285,Alexandra Arias
C_3286,David Pope
C_3287,Deborah Romero
C_3288,Anne Beck
C_3289,Mark Collins
C_329,Steven Scott
C_3290,Ralph Brooks
C_3291,Marie Perez
C_3292,Alejandra Webb
C_3293,Terry Thomas
C_3294,Daniel Baird
C_3295,Chad Walter
C_3296,Jeffrey Lee
C_3297,Christine Gibson
C_3298,Brittany Knapp
C_3299,Rebecca Ballard
C_33,Michelle Jones
C_330,Rebekah Drake
C_3300,Sandra Thompson
C_3301,James Whitney
C_3302,Stacey Green
C_3303,Rickey Charles
C_3304,Jack Bowers
C_3305,Francisco Mclaughlin
C_3306,Mandy Todd
C_3307,Lisa Collins
C_3308,Jacob Washington
C_3309,Denise Baker
C_331,David Schroeder
C_3310,Kristin Montoya
C_3311,Jorge Patel
C_3312,David Smith
C_3313,Sherry Reynolds
C_3314,Julia Anderson
C_3315,Julia Martin
C_3316,Mr. Aaron Clark
C_3317,Shane Patterson
C_3318,Traci Watkins
C_3319,Terry Dunn
C_332,Robert Cochran
C_3320,Daniel Smith
C_3321,Teresa Deleon
C_3322,Kenneth Brooks
C_3323,Mario Watson
C_3324,Brian Ortiz
C_3325,Tami Butler
C_3326,Christopher Smith
C_3327,Becky Braun
C_3328,Danielle Greene
C_3329,Angela Watts
C_333,Peter Nguyen
C_3330,Caitlin Best
C_3331,Stacey Huff
C_3332,Jose Wilson
C_3333,Kelly Rich
C_3334,Jane Martin
C_3335,Jesse Blackwell
C_3336,John Johnson
C_3337,John Allison
C_3338,Jordan Rice
C_3339,Bradley Myers
C_334,Kevin Smith
C_3340,Karen Mason DDS
C_3341,Angela Knight
C_3342,Jenny Payne
C_3343,Ashley Smith
C_3344,Roger Donovan
C_3345,Barbara Richardson
C_3346,Karen Poole
C_3347,Veronica Boone
C_3348,Daniel Stevenson
C_3349,Mrs. Nancy Mccoy DDS
C_335,Christopher Lynch
C_3350,James Reed
C_3351,Heidi Baker
C_3352,Gregory Willis
C_3353,Jacob Sims
C_3354,Destiny Johnson
C_3355,Alicia Cox
C_3356,Donna Goodwin
C_3357,Katie Gutierrez
C_3358,Katherine Benson
C_3359,Lisa Shannon
C_336,Mrs. Caroline Richardson MD
C_3360,Deborah Miller
C_3361,Jeffrey Cox
C_3362,Donald Stephens
C_3363,Dr. Jennifer Lara PhD
C_3364,Kathryn Koch
C_3365,Deanna Anderson
C_3366,Megan Hickman
C_3367,Phillip Burton
C_3368,Patricia Wells
C_3369,Matthew Robinson
C_337,Logan Carpenter
C_3370,Karen Moore
C_3371,Laura Johnson
C_3372,Janice Coleman
C_3373,Patricia Hudson
C_3374,Arthur Curry
C_3375,Lisa Smith
C_3376,Edward Santiago
C_3377,Kelly Thompson
C_3378,Lori Malone
C_3379,Robin Brady
C_338,Nicole Franco
C_3380,Edgar Wyatt
C_3381,Zachary Cox
C_3382,Kristin Kane
C_3383,Matthew Ward
C_3384,Katherine Lindsey
C_3385,Jonathan Murray DDS
C_3386,Stacey Jones
C_3387,Joseph Morgan
C_3388,Alejandra Johnson DDS
C_3389,Amber Hall
C_339,Alan Jackson
C_3390,Judy Fuller
C_3391,Alexa Huber
C_3392,Diana Allison
C_3393,Samuel Craig
C_3394,Kevin Buck
C_3395,Kenneth Griffith
C_3396,Christopher Smith
C_3397,Cameron Alexander
C_3398,Jessica Cox
C_3399,Scott Garcia
C_34,Ashley Warren
C_340,Thomas Reynolds
C_3400,Nicholas Smith
C_3401,George Flynn
C_3402,Jeffrey Gaines
C_3403,Susan Jacobs
C_3404,Rebecca Stewart
C_3405,Cynthia Thomas
C_3406,Kenneth Carpenter
C_3407,Crystal Rivera
C_3408,Sara Edwards
C_3409,Carol Smith
C_341,Olivia Ryan
C_3410,Jennifer Lane
C_3411,Amy Thompson
C_3412,Samuel Savage
C_3413,Karen Moody
C_3414,Betty Irwin
C_3415,Rebecca Morgan
C_3416,Victoria Lucas
C_3417,Amanda Thompson
C_3418,Nancy Orozco
C_3419,Thomas Fields
C_342,Melissa Ellis DVM
C_3420,Elizabeth Woods
C_3421,Mr. Kevin Garcia PhD
C_3422,Albert Pitts
C_3423,Shelby Perez
C_3424,Jennifer Bridges
C_3425,Alexandra Smith
C_3426,Anita Lawson
C_3427,Joshua Mack
C_3428,Logan Cole
C_3429,Shannon Gonzalez
C_343,Kyle Schneider
C_3430,Emily Davis
C_3431,Marie Martinez
C_3432,James Grimes
C_3433,James Washington
C_3434,Jennifer Stewart
C_3435,Richard Lee
C_3436,Larry Mccormick
C_3437,Kathryn Singleton
C_3438,Bryce Phillips
C_3439,Anthony Fitzpatrick
C_344,James Jones
C_3440,Tara Rubio
C_3441,Shawn West
C_3442,Michelle Bruce
C_3443,Connie Ramsey
C_3444,Vanessa Martin
C_3445,William Owens
C_3446,Kevin White
C_3447,Susan Pearson
C_3448,Tyrone Kirby
C_3449,Cynthia Williams
C_345,Christine Lindsey
C_3450,Christy White
C_3451,David Dixon
C_3452,Joseph Hutchinson
C_3453,Brooke Roy
C_3454,Justin Oneal
C_3455,Michael Mcneil
C_3456,Kyle Payne
C_3457,Randy Adams
C_3458,Amanda Aguirre
C_3459,Keith Foster
C_346,Anthony Davis
C_3460,Mr. Sean Lozano
C_3461,Thomas Gutierrez
C_3462,Alyssa Matthews
C_3463,Rebekah Singleton
C_3464,Kimberly Moore
C_3465,Lisa Parks
C_3466,Danielle Alvarado
C_3467,Sean Espinoza
C_3468,Christopher Walker
C_3469,Jonathan Delacruz
C_347,Nicole Hooper
C_3470,Sarah Willis
C_3471,Steven Deleon
C_3472,Sean Schmidt
C_3473,Natalie White
C_3474,Matthew Lopez
C_3475,Christopher Rogers
C_3476,Michael Armstrong
C_3477,Jennifer Burns
C_3478,Kevin Riggs
C_3479,Brianna Hardin PhD
C_348,Stacy Munoz
C_3480,Brittany Webb
C_3481,Timothy Whitehead
C_3482,Nancy Wilkinson
C_3483,Michael Graves
C_3484,Brian Washington
C_3485,Joseph Scott
C_3486,Cynthia Murphy
C_3487,Juan Hoffman
C_3488,Amanda Byrd
C_3489,Morgan Garcia
C_349,Jonathan Harris
C_3490,Becky Jones
C_3491,Nicholas Williams
C_3492,Emily Elliott
C_3493,Kevin Williams
C_3494,Dr. Joseph Horne
C_3495,Brandon Gallagher
C_3496,Michelle Miller
C_3497,Carrie White
C_3498,Timothy Lawson
C_3499,Christy Ramirez
C_35,Denise Noble
C_350,Martin Cook
C_3500,Susan Wolfe
C_3501,Gary Davis
C_3502,Lindsey Schneider
C_3503,Tami Webb
C_3504,Brenda Hall
C_3505,Mary Griffin
C_3506,Julie Randall
C_3507,Mr. Jonathan Doyle PhD
C_3508,Kimberly Moore
C_3509,Jennifer Smith
C_351,Marissa Chapman
C_3510,Eric Dunn
C_3511,Julie Walker
C_3512,Eric Newman
C_3513,Vanessa Snyder
C_3514,Margaret Gonzales
C_3515,Sonya Williams
C_3516,Justin Gray
C_3517,Michael Riley
C_3518,Rodney Sherman
C_3519,Alexandria Nelson
C_352,Jeffery Jones
C_3520,Marc Gilbert
C_3521,Luis Hunt
C_3522,Jason Richard
C_3523,Andrew Davis
C_3524,Dana Carlson
C_3525,Kevin Smith
C_3526,Karen Jackson
C_3527,Todd Peters
C_3528,Melvin Robinson
C_3529,Teresa Flores
C_353,Cindy Torres
C_3530,Karen James
C_3531,Kristina Hale
C_3532,Susan Hughes
C_3533,Heather Mccullough
C_3534,Ryan Johnson
C_3535,Laura Barnett
C_3536,Brandon Herrera
C_3537,Cory Summers
C_3538,Benjamin Lewis
C_3539,Jessica Miller DVM
C_354,Jessica Ortiz
C_3540,James Guerrero
C_3541,Kyle Peters
C_3542,Wayne Cooper
C_3543,Ronald Harper
C_3544,Brian Jones
C_3545,Christina Garrett
C_3546,Michele Manning
C_3547,Samuel Cobb
C_3548,Gregory Smith
C_3549,Elizabeth Burke
C_355,Nicole Watson
C_3550,Victoria Knox
C_3551,Rachel Whitaker
C_3552,Antonio Bailey
C_3553,Peggy Peters
C_3554,Jessica Young
C_3555,Sierra Nelson
C_3556,Bryan Charles
C_3557,Craig Russell
C_3558,Johnathan Mitchell
C_3559,Ronald Alexander
C_356,Michelle Warren
C_3560,Linda Floyd
C_3561,Dana Smith
C_3562,Sheri Richard MD
C_3563,Ariel Jones
C_3564,Lisa Dominguez
C_3565,Laura Porter
C_3566,Brian Bowen
C_3567,Emily Lewis
C_3568,Zachary Finley
C_3569,Jane Daniels
C_357,Johnny Miller
C_3570,Dustin Bennett
C_3571,Jessica Bradshaw
C_3572,Sandra Stevenson
C_3573,Dana Hall
C_3574,Ariana Mitchell
C_3575,Ruben Key
C_3576,Rhonda Hopkins
C_3577,Morgan Hatfield
C_3578,Angela Stevens
C_3579,Jessica Ryan
C_358,Michael Johnson
C_3580,Gabriel Walker
C_3581,Alexis French
C_3582,Julie Barrera
C_3583,David Mccarthy
C_3584,Carlos Oconnor
C_3585,Robert Zimmerman
C_3586,Mark Duncan
C_3587,Jeremy Harris
C_3588,Andrew Proctor
C_3589,Trevor Strickland
C_359,Monica Fletcher
C_3590,Tony Thomas
C_3591,Ryan Johnson
C_3592,Daniel Kelley
C_3593,Benjamin Wiggins
C_3594,Alexander Le
C_3595,Melissa Williams
C_3596,Marie Johnson
C_3597,Douglas Shah
C_3598,Amber Palmer
C_3599,Omar Lutz
C_36,Billy Wang
C_360,Anna Simpson
C_3600,Alison Richard
C_3601,Hannah Lowery
C_3602,Sean Benjamin
C_3603,Ronald Page
C_3604,Mary Phillips
C_3605,Kristi Shepherd
C_3606,James Watson
C_3607,David Norris
C_3608,Keith Meyers
C_3609,Jordan Bradley
C_361,Ashley Warren
C_3610,Adam Cohen
C_3611,Ashley Graham
C_3612,Christina Kennedy
C_3613,Tammie Wu
C_3614,Melinda Stone
C_3615,Kevin Mitchell
C_3616,Christopher Baxter
C_3617,Jermaine Reyes
C_3618,Andrew Brown
C_3619,Veronica Pierce
C_362,Dale Bailey
C_3620,Gerald Kirk
C_3621,Douglas Williams
C_3622,Julie Smith
C_3623,Jesse Reid
C_3624,Brent Huynh
C_3625,Kevin Glass
C_3626,Jeanne Campos
C_3627,Maria Warren
C_3628,Claudia Keller
C_3629,Rachel Terry
C_363,Amber Lewis
C_3630,Jordan Robinson
C_3631,Kathryn Garcia
C_3632,Donald Edwards
C_3633,Roberto Dorsey
C_3634,Justin Brown
C_3635,Richard Smith
C_3636,Shannon Briggs DVM
C_3637,Jennifer Harrison
C_3638,Sierra Becker
C_3639,Deborah Wade
C_364,Rachel Brown
C_3640,Steven Gonzalez
C_3641,Jennifer Ramirez
C_3642,Beth Powell
C_3643,James Parker
C_3644,Tracy Burns
C_3645,Cathy Smith
C_3646,Alicia Henderson
C_3647,Marcus Melton
C_3648,David Jordan
C_3649,Walter Jones
C_365,Robert Singh
C_3650,Elijah Wilson
C_3651,David Walker
C_3652,Timothy Thomas
C_3653,Tyler Padilla
C_3654,Tiffany Silva
C_3655,Christina Schmidt
C_3656,Casey Turner
C_3657,Ashley Morgan
C_3658,Alexandra Lindsey
C_3659,Bonnie Schroeder
C_366,Michael Fisher
C_3660,Tara Dixon
C_3661,Christine Andrews
C_3662,Paul Brown
C_3663,Mr. Ryan Price
C_3664,George Velasquez
C_3665,Ryan Howard
C_3666,Christopher Mitchell
C_3667,Victor Mendoza MD
C_3668,Joshua James
C_3669,Courtney Thompson
C_367,Richard Romero
C_3670,Dale Graham
C_3671,Todd Eaton
C_3672,Kayla Lopez
C_3673,Andre Johnson
C_3674,Jasmine Willis
C_3675,Hannah Johnson
C_3676,Shelly Price
C_3677,Jacob King
C_3678,Nicole Simmons
C_3679,Jordan Sanchez
C_368,James Carlson
C_3680,Jake Mendoza
C_3681,Linda Morris
C_3682,Elizabeth King
C_3683,Emily Price
C_3684,Robert Lewis
C_3685,Whitney Golden
C_3686,Amber Davis
C_3687,Renee Durham
C_3688,Elizabeth Compton
C_3689,Martha Sharp
C_369,Susan Lopez
C_3690,Robin Parsons
C_3691,James Lopez
C_3692,Richard Perez
C_3693,Leslie Gill
C_3694,Melody Hudson
C_3695,Stephanie Peterson
C_3696,Megan Hobbs
C_3697,Julia Nolan
C_3698,Christian Martinez
C_3699,James Francis
C_37,Teresa Wheeler
C_370,Michelle Martinez
C_3700,Valerie White
C_3701,Robert Coleman III
C_3702,Stephen Jones
C_3703,Robert Long
C_3704,Bryan James
C_3705,Amanda Davis
C_3706,Russell Allen
C_3707,Tracy Drake
C_3708,Daniel Bass
C_3709,Rachael Myers
C_371,Theresa Sparks
C_3710,Angelica Stanley
C_3711,Jane Cameron
C_3712,Elizabeth Brown
C_3713,Megan Chan
C_3714,Fred Moore
C_3715,Victor Adams
C_3716,Jennifer Robbins
C_3717,Michael Alvarez
C_3718,Randy Dorsey
C_3719,Jason Lopez
C_372,Nicole Smith
C_3720,John Hernandez
C_3721,Olivia Shaw
C_3722,Erica Lee
C_3723,Mariah Rios
C_3724,Nathan Rose
C_3725,Barbara Williamson
C_3726,Pamela Holland
C_3727,Duane Reynolds
C_3728,Joseph Keller
C_3729,Barry Arroyo
C_373,Clifford Williamson
C_3730,Philip Rodriguez
C_3731,John Henson
C_3732,Gary Parks
C_3733,Mary Anderson
C_3734,Matthew Alvarez
C_3735,Ruth Long
C_3736,Jennifer Goodman
C_3737,Jordan Murray
C_3738,Rachel Perry PhD
C_3739,Alan Smith
C_374,David Moore
C_3740,Gregory Hunt
C_3741,James Garcia
C_3742,Brandon Sanchez
C_3743,James Morgan
C_3744,Kelly Stark
C_3745,Andres Harmon
C_3746,Pamela Browning
C_3747,Deanna Miller
C_3748,Jamie Anderson
C_3749,Johnny Gibson
C_375,Kevin Peters
C_3750,Deborah Sullivan
C_3751,Jason Ford
C_3752,Ashley Fernandez
C_3753,Jeffrey Pearson
C_3754,Lauren Carney
C_3755,Joseph Mcdonald
C_3756,Denise Taylor
C_3757,Aaron Petersen
C_3758,Karen King
C_3759,Katherine Brown
C_376,Rhonda Williams
C_3760,Rebecca Lee
C_3761,Krystal Lynn
C_3762,Samuel Torres
C_3763,April Davis
C_3764,Melissa Melendez
C_3765,Jeffery Chang
C_3766,Stephanie Cooper
C_3767,Natalie Steele
C_3768,Jessica Smith
C_3769,Stephanie Shepherd
C_377,Heather Long
C_3770,Michelle Nelson
C_3771,Gary Kidd
C_3772,James Hoover
C_3773,Joshua Dalton
C_3774,Robert Obrien
C_3775,Robert Smith
C_3776,Amy Roberts
C_3777,Melanie Barron
C_3778,Briana Robinson
C_3779,Michael Weaver
C_378,Samantha Thompson
C_3780,Robert Salazar
C_3781,James Skinner
C_3782,Jacob Hale
C_3783,Amanda Joseph
C_3784,Sarah Rivas
C_3785,Lori Taylor
C_3786,George Frey
C_3787,Michael Thomas
C_3788,Andrea Medina
C_3789,Carmen Nguyen
C_379,Brenda Mccall
C_3790,Gina Greer
C_3791,Lydia Donovan
C_3792,Mr. Isaac Smith
C_3793,Ashley Moreno
C_3794,Benjamin Huang
C_3795,Michele Strickland
C_3796,Stephanie Underwood
C_3797,Ryan Rose
C_3798,Shannon Johnson
C_3799,Andrew Walsh
C_38,Antonio Nolan
C_380,Matthew Vaughan
C_3800,Sarah Sutton
C_3801,William Rodriguez
C_3802,Adam Miller
C_3803,Hannah Murray
C_3804,Darren Molina
C_3805,Michele Contreras
C_3806,Mr. Andrew Rios
C_3807,Jonathan Alexander
C_3808,Alan Welch
C_3809,Frank Mcclain
C_381,Ariana Dillon
C_3810,Harold Jones
C_3811,John Bennett
C_3812,Travis Martin
C_3813,William Perry
C_3814,Stephanie Sutton
C_3815,Oscar Little
C_3816,James Alvarez
C_3817,Breanna Johnson
C_3818,Jaime Montgomery
C_3819,Benjamin Williams
C_382,Mary Church
C_3820,Larry Long
C_3821,Nathan Adams
C_3822,Jessica George
C_3823,Zachary Armstrong
C_3824,Thomas Martinez
C_3825,Jenny Davis
C_3826,Richard Bell
C_3827,Jessica Murphy
C_3828,Raymond Thomas
C_3829,Daniel Montgomery
C_383,Alexander Garcia Jr.
C_3830,Melissa Franco
C_3831,Scott Contreras
C_3832,Dennis Armstrong
C_3833,Antonio Mccarthy
C_3834,Charlotte Willis
C_3835,Dana Burnett
C_3836,Anthony Terry
C_3837,Matthew Hill
C_3838,Maxwell Frey
C_3839,Brianna Golden
C_384,Gabriela Bradley
C_3840,Valerie Sanchez
C_3841,Tiffany Knox
C_3842,Cynthia Stevens
C_3843,Daniel Martin
C_3844,Patricia Reed
C_3845,Kenneth Horne
C_3846,Christopher Vance
C_3847,Christopher Valentine
C_3848,Stephen Smith
C_3849,Yolanda Keith
C_385,Lauren Johnson
C_3850,James Morse
C_3851,Karina Nolan
C_3852,Matthew Rubio
C_3853,Darren Walker
C_3854,William Knight
C_3855,Jordan Francis
C_3856,Victor Caldwell
C_3857,James Hall
C_3858,Nicholas Kirk
C_3859,Billy Marshall
C_386,John Browning
C_3860,Yesenia Wright
C_3861,Tracey Murphy
C_3862,April Wise
C_3863,Pamela Copeland
C_3864,Christopher Kent DDS
C_3865,Brian Rich
C_3866,Rachel Morgan
C_3867,Leslie Thomas
C_3868,David Gonzalez
C_3869,Ebony Combs
C_387,Katrina Santos
C_3870,Kristen Potter
C_3871,Katie Rivera
C_3872,Michael Pena
C_3873,Julie Figueroa
C_3874,Geoffrey Morgan
C_3875,Tony Jenkins
C_3876,Amy Howard
C_3877,Timothy Bridges
C_3878,Shane Fischer
C_3879,Ashley Baker
C_388,Clinton Berry
C_3880,Brandi Hanson
C_3881,Kenneth Stanley
C_3882,Danielle Hodges
C_3883,Daisy Gonzalez
C_3884,Robert Roth
C_3885,Terry Nelson
C_3886,Christopher Austin
C_3887,Michael Hamilton
C_3888,Erin Ramirez
C_3889,Eric Watson
C_389,James Stewart
C_3890,Robert Keith
C_3891,Christine Hopkins
C_3892,Stacey Anderson
C_3893,Samuel Schneider
C_3894,Jeremy Bolton
C_3895,Mark Perez
C_3896,Nathan Wilson
C_3897,Michelle Anthony
C_3898,Steven Brown
C_3899,Collin Lopez
C_39,Gabrielle Smith
C_390,Patrick Clark
C_3900,Jamie Olson
C_3901,Heidi Taylor
C_3902,Anthony Barr
C_3903,Robert Smith
C_3904,Deanna Pierce
C_3905,John Noble
C_3906,Jose Maldonado
C_3907,Justin Russo
C_3908,Seth Yu
C_3909,Teresa Cunningham DVM
C_391,Katherine Hood
C_3910,Jose Cuevas
C_3911,Bethany Walker
C_3912,John Crawford
C_3913,Lisa Hansen
C_3914,Carla Johnson
C_3915,James Bates
C_3916,Amy Carter
C_3917,Alexis Jordan
C_3918,Brandy Jones
C_3919,John Washington
C_392,Amanda Lewis
C_3920,Christopher Tran
C_3921,Anthony Wilson
C_3922,Samantha Hartman
C_3923,Jill Gibson
C_3924,Jason Smith
C_3925,Laura Williams
C_3926,George Rodriguez
C_3927,Dawn Smith
C_3928,Melissa Wolf
C_3929,Kevin Johnston
C_393,Michele King
C_3930,Emily Luna
C_3931,Bill George
C_3932,Karen Davis
C_3933,Jose Collins
C_3934,David Huffman
C_3935,Jennifer Sanchez
C_3936,Stephen Clark
C_3937,Paula Brewer
C_3938,Christopher Berry
C_3939,Lauren Cortez
C_394,Christopher Kim
C_3940,Tyler Robbins
C_3941,Ashley Weaver
C_3942,Robert Hensley
C_3943,Jonathan Marsh
C_3944,Lauren Brown
C_3945,Dennis Rogers
C_3946,Robert Jackson
C_3947,Terry Jones
C_3948,Debra Bell
C_3949,Cody Ortega
C_395,Nicole Herring
C_3950,Stacey Ford
C_3951,Paul Nichols
C_3952,Dustin Valenzuela
C_3953,Jason Yates
C_3954,Katrina James
C_3955,Bobby Love
C_3956,Stephen Valentine
C_3957,Michael Costa MD
C_3958,Cassandra Gross
C_3959,Sarah Prince
C_396,Felicia Alexander
C_3960,Stacy Mcdowell
C_3961,Christina Glenn
C_3962,Rebecca Odom
C_3963,Jessica Smith
C_3964,Krystal Campos
C_3965,Michele Dodson
C_3966,Robin Black
C_3967,Gary Zamora
C_3968,Jennifer White
C_3969,Julie May
C_397,Kim Stewart
C_3970,Douglas Jacobson MD
C_3971,Leon Alvarez
C_3972,Kayla Abbott
C_3973,Matthew Lewis
C_3974,Veronica Johnson
C_3975,Phyllis Mcmahon
C_3976,Johnny Cox
C_3977,Sarah Reyes
C_3978,Gerald Mooney
C_3979,Carl Lane
C_398,Kyle Santos
C_3980,Alexander Miller
C_3981,Jacob Martin
C_3982,Jennifer Graham
C_3983,Nancy Reeves
C_3984,Amber Murray
C_3985,Alexandra Mckinney
C_3986,Kristen Mccarthy
C_3987,Deanna Meyers
C_3988,Sandra Donaldson
C_3989,Joann Lyons
C_399,Michele Koch
C_3990,Damon Walter
C_3991,John Velasquez
C_3992,Mary Gonzalez
C_3993,Jordan Salazar
C_3994,Tammy Riley
C_3995,Robert Jones
C_3996,Aaron Robinson
C_3997,Devin Moore
C_3998,Stephanie Osborn
C_3999,Robyn Barrett
C_4,Terry Jones
C_40,Jeffrey Valdez
C_400,Danielle Wise
C_4000,Andrea Davis
C_4001,Susan Green
C_4002,Craig Mueller
C_4003,Benjamin Lyons
C_4004,Cheryl Merritt
C_4005,Paul Friedman
C_4006,Susan Hunt
C_4007,Charles Woodard
C_4008,John Wagner
C_4009,James Adams
C_401,Olivia Stone
C_4010,Denise Thornton
C_4011,Jessica Anderson
C_4012,Peter Thompson
C_4013,Leslie Underwood
C_4014,Dr. Daniel Ramirez
C_4015,Thomas Day
C_4016,Brandon Alexander
C_4017,Christopher Myers
C_4018,John Oliver
C_4019,Keith Davis
C_402,Lonnie Jones
C_4020,Kayla Ruiz
C_4021,Robin Baker
C_4022,Jeff Bright
C_4023,Justin Cole
C_4024,Cameron Blanchard
C_4025,Elizabeth Esparza DDS
C_4026,Christopher Harrell
C_4027,Jacob Ellis
C_4028,Sara Burns
C_4029,Robert Lindsey
C_403,Melissa Fry
C_4030,Jodi Soto
C_4031,Daniel Jackson
C_4032,Malik Morton
C_4033,David Norman
C_4034,Tracy Hawkins
C_4035,Grant Hall
C_4036,David Russell
C_4037,Brittany Blackburn
C_4038,Mr. Justin Solis
C_4039,Daniel Santos
C_404,Timothy Prince
C_4040,Michael Sheppard
C_4041,Thomas Knight
C_4042,Dylan Harris
C_4043,Alan Gonzalez
C_4044,Mary Thomas
C_4045,Tamara Gonzalez
C_4046,Denise Sexton
C_4047,Wesley Maxwell
C_4048,Michael Simmons
C_4049,Jose Melendez
C_405,Kevin Richardson
C_4050,Amanda Mclaughlin
C_4051,Christopher Walsh
C_4052,Jeremy Fuller
C_4053,Brian Tran
C_4054,Jennifer Shepard
C_4055,James Mann
C_4056,Michael Logan
C_4057,Joel Carter
C_4058,Jennifer Thomas
C_4059,Sara Summers
C_406,Sydney Gross
C_4060,John Bennett
C_4061,Tonya Lopez
C_4062,Joseph Johnson
C_4063,Frank Smith
C_4064,Kyle Brown
C_4065,Luke Bright
C_4066,Ryan Peterson
C_4067,Jeremiah Warren
C_4068,Joshua Perry
C_4069,Renee Little
C_407,Megan Evans
C_4070,Casey Rangel
C_4071,Dominique Norton
C_4072,Lisa Stone
C_4073,Tamara Oconnell
C_4074,Paul Carlson
C_4075,James Martinez
C_4076,Ronald Richard
C_4077,Zachary Payne
C_4078,Jean Martin
C_4079,Steven Dunn Jr.
C_408,Natasha Russell
C_4080,Erik Roberson
C_4081,Jeffrey Phillips
C_4082,Mary Cunningham
C_4083,Shirley Ortega
C_4084,Jacob Martinez
C_4085,William Schroeder
C_4086,Daniel Reed
C_4087,James Schwartz
C_4088,Melissa Ochoa
C_4089,Kristina Yang
C_409,Faith Barber
C_4090,Colleen Mcmahon
C_4091,Mr. Nicholas Decker Jr.
C_4092,Joseph James
C_4093,William Lopez
C_4094,Nancy Clarke
C_4095,Kimberly Watkins
C_4096,Brian House
C_4097,Brandon Smith
C_4098,Richard Miller
C_4099,Mark Wong
C_41,Kimberly Mason
C_410,Brenda Curtis
C_4100,Timothy Scott
C_4101,Robert Stokes
C_4102,Alexander Hernandez
C_4103,Julie Shelton
C_4104,Megan Rice
C_4105,Linda Alvarez
C_4106,Teresa Lawson
C_4107,Steven Owens
C_4108,Amanda Williams
C_4109,Robert Frazier MD
C_411,Patrick Cooper
C_4110,Shawn Booth
C_4111,Deborah Thomas
C_4112,Paul Escobar
C_4113,Lydia Black
C_4114,Benjamin Thornton
C_4115,Michael Finley
C_4116,Christopher Russell
C_4117,Julie Bailey
C_4118,Miguel Webb
C_4119,Edwin Berg
C_412,Nicole Branch
C_4120,Crystal Acevedo
C_4121,Wesley Horn
C_4122,Amy Jenkins
C_4123,Dr. Peter Vazquez
C_4124,Greg Richardson
C_4125,Michael Cole
C_4126,Nancy Rose
C_4127,Kathleen Haas
C_4128,Natasha Johnson
C_4129,Jesse Le
C_413,Austin Elliott
C_4130,Donna Griffith
C_4131,Jeffrey Davis
C_4132,Michael Smith
C_4133,Paul Combs
C_4134,Troy Wade
C_4135,Mary Robinson
C_4136,Brandon Flores
C_4137,Kelly Gross
C_4138,Janet Morales
C_4139,Richard Branch
C_414,Maria Daugherty
C_4140,Robert Brown DVM
C_4141,Stephanie Morse
C_4142,Karen Rose
C_4143,Donna Buck
C_4144,Nina Griffin
C_4145,Christopher Cunningham
C_4146,Karl Hubbard
C_4147,Christopher Mcdonald
C_4148,Melanie Freeman
C_4149,Amy Thomas
C_415,Debbie Hawkins
C_4150,Christina Wells
C_4151,Jacob Shea
C_4152,Jamie Brown
C_4153,Joshua Lee
C_4154,Matthew Anderson
C_4155,Tammy Allen
C_4156,Kimberly Solomon
C_4157,Steven Bush
C_4158,Patricia Jones
C_4159,Dr. Morgan Cummings
C_416,Anthony Vaughn
C_4160,Anthony Castro
C_4161,Cynthia Scott
C_4162,Lisa Valdez
C_4163,David Stephens
C_4164,Alicia Horn
C_4165,Jo Gibson
C_4166,Jerry Mack
C_4167,Terrance Levine
C_4168,Travis Russo
C_4169,Heather Fitzpatrick
C_417,Kerry Black
C_4170,Juan Solomon
C_4171,Phillip Mendoza
C_4172,Dorothy Gonzales
C_4173,Christina Mccoy
C_4174,William Davis
C_4175,Thomas Ramsey
C_4176,Joseph Welch
C_4177,Jonathan Walters MD
C_4178,Jeffrey Morrow
C_4179,David Alexander MD
C_418,Jose Rojas
C_4180,Vickie Owen
C_4181,Mary Williams
C_4182,Carla Whitaker
C_4183,Brian Ferguson
C_4184,Alec Baker
C_4185,Tabitha Lewis
C_4186,Jeffrey Roth
C_4187,Ms. Jessica Clark
C_4188,James Mcdonald
C_4189,Roger Hall
C_419,James Thomas
C_4190,Tanner Foster
C_4191,Daniel Guzman
C_4192,Kelsey Mcclure
C_4193,Dalton Williams
C_4194,Scott Estrada
C_4195,Scott Hunter
C_4196,Melissa Watson
C_4197,Matthew Ellis
C_4198,Abigail Torres
C_4199,Jennifer Martin
C_42,Melissa Smith
C_420,Michael Hall
C_4200,Heather Ford
C_4201,Robert Russell
C_4202,Anthony Martinez
C_4203,Robert Cox
C_4204,Ryan Lyons
C_4205,Brian Nguyen
C_4206,Jeffrey Mcmillan
C_4207,Bernard Johnson
C_4208,Ian Brown
C_4209,Justin Stuart
C_421,Courtney Morales
C_4210,Jeremy Wallace
C_4211,Dennis Moses
C_4212,Brandon Goodman
C_4213,Candice Cook
C_4214,Linda Jones
C_4215,Monica Brown
C_4216,Jennifer Moore
C_4217,Mr. Patrick Frazier MD
C_4218,Melinda Rodriguez
C_4219,Scott Rodriguez
C_422,William Burke MD
C_4220,Dawn Jenkins
C_4221,Christopher Martinez
C_4222,Connor Sheppard
C_4223,Megan Lane
C_4224,Judith Clayton
C_4225,Joshua Fisher
C_4226,Benjamin Goodwin
C_4227,Dr. Eric Ballard MD
C_4228,Tina Krause
C_4229,Kathleen Roberts
C_423,Kevin Stevens
C_4230,Jeffrey Williams
C_4231,Christopher Strong
C_4232,Raymond Mckenzie
C_4233,Dana Pollard
C_4234,Gail Parker
C_4235,Lisa Hurst
C_4236,Rhonda Mccoy
C_4237,Brent Williams
C_4238,Julie King
C_4239,Diana Jefferson
C_424,Kristine Webster
C_4240,Alyssa Zuniga
C_4241,Sally Pope
C_4242,Carol Murphy
C_4243,Vanessa Harrell
C_4244,Eugene Parsons
C_4245,David Ruiz
C_4246,Sandra Fleming
C_4247,Kaitlyn Jones
C_4248,Misty Jordan
C_4249,Shane Williams
C_425,Anna Miller
C_4250,Courtney Kane
C_4251,Timothy Green
C_4252,Jennifer Becker
C_4253,Katrina Bruce
C_4254,Brenda Fitzpatrick
C_4255,Claudia Mitchell
C_4256,Anthony Martinez
C_4257,Ronald Manning
C_4258,Caleb Dennis MD
C_4259,Steven Ramirez
C_426,Rebecca Ramirez
C_4260,Antonio Anderson
C_4261,Cheryl Mason
C_4262,Kathryn Taylor
C_4263,Sheila Maldonado
C_4264,Bryan Long
C_4265,Patricia Bruce
C_4266,Louis Carey
C_4267,Thomas Harrison PhD
C_4268,Jeffrey Mendez
C_4269,Holly Garcia
C_427,Lauren Price
C_4270,Anna Burns
C_4271,Anna Mann
C_4272,Kimberly Walker
C_4273,Steven Bruce
C_4274,Jon Wells
C_4275,Miss Stephanie Neal
C_4276,Leah Tran
C_4277,Andrew Martin
C_4278,Jordan Lewis
C_4279,Jeffrey Murphy
C_428,Rachel Richard
C_4280,Adam Morales
C_4281,Mark Baker
C_4282,Michele Hartman
C_4283,Martha Herrera
C_4284,Melvin Reeves
C_4285,Steven Barron
C_4286,Nicholas Hebert
C_4287,Jessica Goodwin
C_4288,Tiffany Hodges
C_4289,Micheal Chen
C_429,Joshua Jones
C_4290,Michael Daniel
C_4291,Heather Edwards
C_4292,Marcus Petty
C_4293,Gregory Alvarez
C_4294,James Jensen
C_4295,Phillip Mendez
C_4296,Bethany Clark
C_4297,Samantha Torres
C_4298,Ralph Castillo
C_4299,April Romero
C_43,Stacy Taylor
C_430,Frank Higgins
C_4300,Jordan Murphy
C_4301,Shannon Smith
C_4302,Jeffrey Ford
C_4303,Dennis Parker
C_4304,Christopher Romero
C_4305,Paul Clay
C_4306,Wesley Valenzuela
C_4307,Toni Mccullough
C_4308,Alison Martinez
C_4309,Maria Rodriguez
C_431,Julie Smith
C_4310,Miss Shelly Yates
C_4311,Roger Patterson
C_4312,Jennifer Chang
C_4313,Brianna Yang
C_4314,Kimberly Weeks
C_4315,Lauren Salinas
C_4316,Thomas Thornton
C_4317,Mr. Charles Baker DDS
C_4318,Kenneth Taylor
C_4319,Jacob Trujillo
C_432,Kim Lucas
C_4320,Wayne Williams DDS
C_4321,Ashley Williams
C_4322,Christopher Davis
C_4323,Jonathon Elliott
C_4324,Jennifer Wagner
C_4325,Raymond Wright
C_4326,Zachary Bryant
C_4327,Kathleen Wall
C_4328,Valerie Fisher
C_4329,John Silva
C_433,Joshua Lynch
C_4330,Samuel Hogan
C_4331,Kimberly Carroll
C_4332,Kyle Schaefer
C_4333,Christopher Key
C_4334,Kelly Maldonado
C_4335,Laura Tran
C_4336,Patricia Morrow
C_4337,Michele Pratt
C_4338,Sara Marks
C_4339,Brent Turner
C_434,Kimberly Rodriguez
C_4340,Margaret Klein
C_4341,Amanda Rivas
C_4342,Timothy Rodriguez
C_4343,Kimberly Nelson
C_4344,Amber Gonzalez
C_4345,Sandra Smith
C_4346,Jordan Farrell
C_4347,Meghan Nelson
C_4348,Melanie Krueger
C_4349,Mary Levy
C_435,Ricky Odonnell
C_4350,Shelly Black
C_4351,Carla Anderson
C_4352,Paul Harris
C_4353,Randy Sanchez
C_4354,Patrick Sanchez
C_4355,Michael Rios
C_4356,Kara Sanchez
C_4357,Diane Smith
C_4358,Matthew Smith
C_4359,Matthew Baker
C_436,Christopher Cohen
C_4360,Margaret Gutierrez
C_4361,John Harris
C_4362,Brendan Moore
C_4363,Jessica Baker
C_4364,Craig Avila
C_4365,Susan Bailey
C_4366,Sara Owens
C_4367,Carl Finley
C_4368,Michael Hodges
C_4369,Sean Smith
C_437,Christopher Watkins
C_4370,Stacy Mcintyre
C_4371,Laura Bennett
C_4372,Regina Buck
C_4373,Shannon Bowen
C_4374,Shannon Williams
C_4375,Kevin Waters
C_4376,Cassidy Holt
C_4377,Kara Garrett
C_4378,Jennifer Miller
C_4379,James Medina
C_438,Joshua Ferguson
C_4380,Hailey Reed
C_4381,Ryan Waters
C_4382,Carl Garcia
C_4383,Kevin Johnson
C_4384,Michael Bruce
C_4385,Alexandria Ali
C_4386,Xavier Romero
C_4387,Denise Powell
C_4388,David Nelson
C_4389,Bill Davis III
C_439,Nathaniel Bryant
C_4390,Rachel Scott
C_4391,Levi Davis
C_4392,Jennifer Cox
C_4393,Eric Hodge
C_4394,Robert Wyatt
C_4395,Kelly Pugh
C_4396,Dr. Kenneth Jones
C_4397,Barry Pena
C_4398,Jasmine Leon
C_4399,Lisa Cantu
C_44,John Terry
C_440,Gail Mann
C_4400,Laura Bailey
C_4401,Jessica Jones
C_4402,Daniel Johnson
C_4403,Danielle Phillips
C_4404,Jeffrey Turner
C_4405,Shane Morris
C_4406,Daniel Mcdonald
C_4407,Alexandra Roberts
C_4408,Jeffery Bell
C_4409,Lauren Marks
C_441,Amanda Abbott
C_4410,Theresa Jackson
C_4411,Antonio Fitzpatrick
C_4412,Eddie Fleming
C_4413,Kimberly Hamilton
C_4414,Martha Nelson
C_4415,Mark Padilla
C_4416,Jose Perry
C_4417,Derrick Hamilton
C_4418,Michael Randolph
C_4419,Melissa Vincent
C_442,Stephen Anderson
C_4420,Rebecca Howard
C_4421,Mark Vincent
C_4422,Ian Evans
C_4423,Dylan Greer
C_4424,Faith Garcia
C_4425,Andrew Hammond
C_4426,Natasha Glover
C_4427,Kenneth Miller DVM
C_4428,Dr. Carol Thomas MD
C_4429,Yolanda Wright
C_443,Karen Brewer
C_4430,Matthew Eaton
C_4431,Kathleen Robinson
C_4432,Jason Sherman
C_4433,Jennifer Smith
C_4434,Jeremy Thompson
C_4435,Wesley Dyer
C_4436,Gregory Burton
C_4437,Leroy Harrington
C_4438,Brent Zimmerman
C_4439,Christopher Hunt
C_444,Jeff Young
C_4440,Mary Wyatt
C_4441,Kristen Patel
C_4442,David Palmer
C_4443,Michael Lopez DDS
C_4444,Stacy Berry
C_4445,Robin Lopez
C_4446,Emily King
C_4447,Tony Larson
C_4448,Nathan Hernandez
C_4449,Elizabeth May
C_445,Whitney Arellano
C_4450,Ashley Rodriguez MD
C_4451,Amy Sherman
C_4452,Marie Collins
C_4453,Sandra Vasquez
C_4454,Mark Watson
C_4455,Zoe Aguirre
C_4456,Andrew Butler
C_4457,Matthew Wilson
C_4458,Debra Harding
C_4459,Patrick Jones
C_446,Tanner Guerra
C_4460,Brian Nelson
C_4461,Jacob Torres
C_4462,Stephanie Perez
C_4463,Tracy Stewart
C_4464,Jon Meyer
C_4465,Kelly Brown
C_4466,Tara Foster
C_4467,Emily Gordon
C_4468,Julie Martin
C_4469,Margaret Park
C_447,Michael Martin
C_4470,Gregory Carr
C_4471,Katelyn Dalton
C_4472,Tammy Evans
C_4473,Matthew Smith
C_4474,Andrew Clark
C_4475,Jennifer Butler
C_4476,Jacob Bell
C_4477,Jeffrey Nguyen
C_4478,James Davis
C_4479,Wesley Hill
C_448,Kristen Medina
C_4480,Molly Roberts
C_4481,Christine Kelly
C_4482,John Freeman
C_4483,Scott Moody
C_4484,Jeffrey Richards
C_4485,Sierra Smith
C_4486,Andres Davis
C_4487,Zoe Gross
C_4488,Holly Sanders
C_4489,Joseph Fox
C_449,Jacob Lewis
C_4490,Nicholas Garcia
C_4491,Barbara Kelley
C_4492,Alvin Wilson
C_4493,Spencer Forbes
C_4494,Jamie Bailey
C_4495,Paul Reynolds
C_4496,Courtney Mckee
C_4497,Jacob Jenkins
C_4498,Kimberly Robinson
C_4499,Tracy Bennett
C_45,Jessica Martinez
C_450,Jessica Simpson
C_4500,April Rocha
C_4501,Eileen Bailey
C_4502,Misty Ryan
C_4503,Dawn Santana
C_4504,Charles Lewis
C_4505,Robert Sutton
C_4506,Juan Wilkinson
C_4507,Michelle Wise
C_4508,Jason Conner
C_4509,Joshua Coleman Jr.
C_451,Rebekah Reyes
C_4510,Alex Perez
C_4511,Mr. Robert Walsh
C_4512,Lawrence Patel
C_4513,Steven Smith
C_4514,Brooke Price
C_4515,Travis Howard
C_4516,Anna Johnson
C_4517,Gregory Avery
C_4518,Robert Jones
C_4519,Jared Johnson
C_452,Paige Garrett
C_4520,Maria Moore
C_4521,Deborah Bishop
C_4522,Kristin Marshall
C_4523,Jennifer Olson
C_4524,Deanna White
C_4525,Laura Strong
C_4526,Deborah Martinez
C_4527,Lori Sharp
C_4528,Gerald Wolf
C_4529,Jennifer Terry
C_453,Megan Obrien
C_4530,Randy King
C_4531,Megan Griffin
C_4532,Matthew Sheppard
C_4533,Linda Bishop
C_4534,Andrew Martinez
C_4535,Nicholas Love
C_4536,Christopher Taylor
C_4537,Jesus Conley
C_4538,Melinda Tyler
C_4539,Ivan White
C_454,Amanda Hernandez
C_4540,Brandon Miller
C_4541,Joshua Erickson
C_4542,Kelly Castro
C_4543,Andrew Boone II
C_4544,Katherine Stokes
C_4545,Jamie Flowers
C_4546,Mr. Cameron Nelson
C_4547,Theresa Hines
C_4548,Crystal Meyer
C_4549,Matthew Barber
C_455,Joshua Rodriguez
C_4550,Nicole Martinez
C_4551,Corey Pearson
C_4552,Barbara Martin
C_4553,Nicholas Rivera
C_4554,Shannon Conway
C_4555,Cassidy Webb
C_4556,Courtney Nelson
C_4557,Joshua Campos
C_4558,Jaime Anderson
C_4559,John Cook
C_456,Dr. Joseph Johnson
C_4560,Brenda Pruitt
C_4561,Christopher Rollins PhD
C_4562,Kyle Roy
C_4563,Brandon Trevino
C_4564,Jessica Davis
C_4565,Jeffrey Craig
C_4566,Tammy Lucas
C_4567,Kevin Daniels
C_4568,Katherine Sanders
C_4569,Jennifer Murphy
C_457,Gabrielle Berry
C_4570,Michael Guzman
C_4571,Valerie Braun
C_4572,Ronald Shaw
C_4573,Jordan Estrada
C_4574,Karen Wiggins
C_4575,Sarah Strickland
C_4576,James Chavez
C_4577,Joe Stewart
C_4578,Anthony Woodard
C_4579,Katie Nunez
C_458,Wendy Campbell
C_4580,Cassandra Hoover
C_4581,Kaitlin Figueroa
C_4582,Steven Rodriguez
C_4583,David Kent
C_4584,Danielle Gilbert
C_4585,Samantha Jones
C_4586,Russell Lindsey
C_4587,Chad Martin
C_4588,Henry Adams
C_4589,David Goodwin
C_459,Juan Taylor
C_4590,Jasmine Horton
C_4591,Joseph Mcdonald
C_4592,Matthew Watkins
C_4593,Richard Huber
C_4594,Brandon Dickerson
C_4595,Joanna Fletcher
C_4596,Doris Matthews
C_4597,Monica Silva
C_4598,Keith Fernandez
C_4599,Dale Steele
C_46,Samantha Mason
C_460,Keith Dougherty
C_4600,Christian Moreno
C_4601,Aaron Smith
C_4602,James Brennan
C_4603,Craig Sanchez
C_4604,Kim Davis DDS
C_4605,Ronald Singh
C_4606,Cory Duran Jr.
C_4607,James Brown
C_4608,Timothy Gonzalez
C_4609,Brittany Brown
C_461,Susan Evans
C_4610,Harry Jones
C_4611,Benjamin White
C_4612,Michael Cortez
C_4613,Daniel Curtis
C_4614,Wesley Martinez
C_4615,Cindy Madden
C_4616,Eric Malone
C_4617,Zachary Schmidt
C_4618,Brittany Acevedo
C_4619,Mary Payne
C_462,Timothy Wilson
C_4620,Anna Chandler
C_4621,Katie Haynes
C_4622,John Campbell
C_4623,Deborah Oconnor
C_4624,Dustin Thomas
C_4625,Andrea Bullock
C_4626,Hannah Ward
C_4627,Michaela Blair
C_4628,Randy Morgan
C_4629,Angela White
C_463,Nicole Ray
C_4630,Natalie Turner
C_4631,Dana Perez
C_4632,Travis Hernandez
C_4633,David Gonzalez
C_4634,Heather Brewer
C_4635,Steven Peters
C_4636,Samuel Baker
C_4637,Robert Cook
C_4638,Theresa Savage
C_4639,Madeline Walls
C_464,Mary Pratt
C_4640,Karen Richardson
C_4641,Jessica Holmes
C_4642,Paul Tyler
C_4643,Jessica Taylor
C_4644,David Williams
C_4645,John Davis
C_4646,Jessica Roach
C_4647,Roberto Meza
C_4648,Sheila Smith
C_4649,Christian Pearson
C_465,Jasmine Willis
C_4650,Rhonda Wright
C_4651,Crystal Barton MD
C_4652,Sharon Munoz
C_4653,Russell Walker
C_4654,Shannon Solis
C_4655,Amanda Murray
C_4656,Denise Watson
C_4657,Alex Soto
C_4658,Sandra Flowers
C_4659,Thomas Herrera
C_466,Joshua Baker
C_4660,James Barry
C_4661,Carl Meyer
C_4662,Monica Hall
C_4663,Mary Gross
C_4664,Vanessa Richardson
C_4665,Dominic Marks
C_4666,Jason Davis
C_4667,Amber Foster
C_4668,Elizabeth Stone
C_4669,Michael Galloway
C_467,Daniel Douglas
C_4670,Dustin Lee
C_4671,John Dodson
C_4672,Martin Koch
C_4673,Katie Roberson
C_4674,Shawna Smith
C_4675,Jason Miller
C_4676,Maria Hensley
C_4677,Timothy Haas
C_4678,Melissa Hall
C_4679,Thomas Carroll
C_468,Andrea Buchanan
C_4680,Charles Mills
C_4681,Todd Obrien
C_4682,Alicia Torres
C_4683,Shawn Smith
C_4684,Kristi Luna
C_4685,Wesley Vazquez
C_4686,Derek Stafford
C_4687,Elizabeth Torres
C_4688,Natalie Parker
C_4689,David Green
C_469,David Griffin
C_4690,Michael Bradley
C_4691,Zachary Martinez
C_4692,Keith Hernandez
C_4693,Christopher Allen
C_4694,Barbara Long
C_4695,Oscar Garcia
C_4696,Dr. Christopher Watts
C_4697,Kenneth Ferrell
C_4698,Jill Hull
C_4699,Andrew Holland
C_47,Leah Cooper
C_470,James Hendricks
C_4700,April Webb
C_4701,Nathaniel Harris
C_4702,Julie Porter PhD
C_4703,Willie Chambers
C_4704,Karen Morales
C_4705,Catherine Small
C_4706,Alexander Dixon
C_4707,Greg Sims
C_4708,James Clark
C_4709,Melissa Wilson
C_471,Rachel Thompson
C_4710,Kiara Singh
C_4711,Natalie Cameron
C_4712,Marie Peters
C_4713,Miguel Bates
C_4714,Paula Stephens
C_4715,Justin Hernandez
C_4716,Edward Horton
C_4717,Michael Campbell
C_4718,Sherry Davis
C_4719,John Hebert
C_472,Sara Mcdonald
C_4720,Raymond Allen
C_4721,Brandy Diaz
C_4722,Alan Obrien
C_4723,Natasha Henderson
C_4724,Robert Little
C_4725,Brad Ward
C_4726,Candace Duran
C_4727,James Richardson
C_4728,Kristina Williams
C_4729,Stacey Stephens
C_473,Eric White
C_4730,Joseph Yoder
C_4731,Brandon Woods
C_4732,Shawn Hahn
C_4733,David Young
C_4734,Taylor Lee
C_4735,Jacob Mckinney
C_4736,Ricardo Castro
C_4737,Samuel Johnson
C_4738,Zachary Powell
C_4739,Pamela Bryant
C_474,Tara Hunter
C_4740,John Young
C_4741,Scott Richardson
C_4742,Frank Glass
C_4743,Courtney Harris
C_4744,Shawn Mercado
C_4745,Kimberly Howard
C_4746,Louis Khan
C_4747,Danny Roberts
C_4748,Bobby Gonzales
C_4749,Jennifer White
C_475,Michele Thomas
C_4750,Julie Reese
C_4751,Steven Forbes
C_4752,Catherine Anderson
C_4753,Christopher Pace
C_4754,Jim Morales
C_4755,Gary Noble
C_4756,Patricia Delgado
C_4757,Kevin Garza
C_4758,Nancy Phillips
C_4759,Lisa Murray
C_476,Tara Smith
C_4760,Ashley Gomez
C_4761,Rebecca Myers
C_4762,Jamie Cox
C_4763,Candice Perez
C_4764,Sarah Dalton
C_4765,William Allen
C_4766,Robert Mitchell
C_4767,Nicole Carlson
C_4768,David Matthews
C_4769,Joanne Blanchard
C_477,Jason Rodriguez
C_4770,Maureen Washington
C_4771,Rebecca English
C_4772,Desiree Smith
C_4773,Bradley Murray
C_4774,Amber Williams
C_4775,Danielle Foster
C_4776,Nathan Mayo
C_4777,Valerie Hoffman
C_4778,David Salinas
C_4779,Veronica Mckenzie
C_478,Jeffery Barnes
C_4780,Edward Romero
C_4781,Robert Mendez
C_4782,Brian Williams
C_4783,Tammy Harris
C_4784,Shaun Johnson
C_4785,Brooke Flores
C_4786,Meredith Johnson
C_4787,Andrea Griffin
C_4788,Megan Robinson
C_4789,Michael Sanchez
C_479,Rachel Tate
C_4790,Linda Floyd
C_4791,Connor Owen
C_4792,Carrie Monroe
C_4793,Glenda Anderson
C_4794,Kimberly Franklin
C_4795,Caleb Washington
C_4796,Mikayla Contreras
C_4797,Stuart Henderson
C_4798,Heather White
C_4799,Joshua Valenzuela
C_48,Joseph Chandler
C_480,John Allen
C_4800,Julie Powell
C_4801,Robert Roberson
C_4802,Cynthia Johnson
C_4803,Tommy Green
C_4804,Amber Johnson DVM
C_4805,Aaron Goodwin
C_4806,Dr. Anthony Jackson
C_4807,Terri Andrews
C_4808,Alan Franklin
C_4809,Jennifer Martinez
C_481,Stephen Smith
C_4810,James Price
C_4811,Raymond Cameron
C_4812,Donna Butler
C_4813,James Briggs
C_4814,William Fields
C_4815,Jennifer Nelson
C_4816,Thomas Norris
C_4817,Lisa Chavez
C_4818,Katherine Bright
C_4819,Juan Mccullough
C_482,Alexander Ellis
C_4820,Ellen Ramos
C_4821,Brian Buck
C_4822,April Morrow
C_4823,Christopher Schneider
C_4824,Rebecca Barron
C_4825,Dr. Ian Pruitt DDS
C_4826,Nicole Mason
C_4827,Brett Lane
C_4828,Melanie Gordon
C_4829,Jessica Jennings
C_483,Brianna Kramer
C_4830,Lisa Johnson
C_4831,Bryan Miller
C_4832,Kara Chan
C_4833,Karen Miles
C_4834,Eric Reese
C_4835,Candace Williamson
C_4836,Paul Cameron
C_4837,Daniel Thornton
C_4838,Samuel Johnson
C_4839,Benjamin Douglas
C_484,Christopher Peters
C_4840,Keith Anderson
C_4841,Melissa Peters
C_4842,Hannah Johnson
C_4843,Courtney Mills
C_4844,Ryan Franco
C_4845,Edward Lee
C_4846,Russell Dickson
C_4847,Jordan Stewart
C_4848,Laura Welch
C_4849,Brandon Lyons
C_485,Christopher Whitehead
C_4850,Kurt Brown
C_4851,Patricia Brown
C_4852,Jacqueline Perez
C_4853,Nicholas Ellis
C_4854,Kim Martinez
C_4855,Kenneth Moore
C_4856,Emma Callahan
C_4857,Emily Rose
C_4858,Vanessa Sandoval
C_4859,Daniel Burgess
C_486,Taylor Hamilton
C_4860,Krista Walker DDS
C_4861,Scott Robertson
C_4862,Anthony Allison
C_4863,Allison Sanchez
C_4864,Dr. Christopher Garcia
C_4865,Mark Jefferson
C_4866,Sarah Torres
C_4867,Jose Simmons
C_4868,Marissa Shaffer
C_4869,Troy Acosta
C_487,Thomas Ramirez
C_4870,Stephanie Hoffman
C_4871,Matthew Huff
C_4872,Diana Mcdaniel
C_4873,Russell West
C_4874,Cynthia Powers
C_4875,Shelby Blackburn
C_4876,Peter Mclean
C_4877,Kevin Cox
C_4878,Brian Beard
C_4879,Kara Wagner
C_488,Edwin Allen
C_4880,Shannon Harvey
C_4881,Alvin Benitez
C_4882,Austin Perez
C_4883,Dr. Jeffrey Lyons
C_4884,Gabrielle Clark
C_4885,Kimberly Heath
C_4886,Katrina Martin
C_4887,Rodney Hernandez
C_4888,Jerry Moore
C_4889,Sheila Smith
C_489,Charles Brooks
C_4890,Jeffrey Baker
C_4891,Nicole Robinson
C_4892,Timothy Thompson
C_4893,Amanda Proctor
C_4894,William Smith
C_4895,Lisa Garrett
C_4896,Natasha Camacho
C_4897,Ryan Conrad
C_4898,Edward Mcmillan
C_4899,Gregory Rowland
C_49,Sonya Mitchell
C_490,Victoria Powers
C_4900,Rachel Haas
C_4901,Heather Jones
C_4902,Leslie Potts
C_4903,Sheila Palmer
C_4904,Jessica Stephenson
C_4905,Melissa Becker
C_4906,Becky Perry
C_4907,Tim Ross
C_4908,Carmen Small
C_4909,Alejandra Snow
C_491,Stacey Jones
C_4910,Carmen Fowler
C_4911,Hannah Villarreal
C_4912,Jamie Wells
C_4913,Michelle Brown
C_4914,James Brady
C_4915,Jordan Russell
C_4916,Jessica Hester
C_4917,Tracy Spencer
C_4918,Kaitlyn Smith
C_4919,Rachel Hayes
C_492,Alicia Williams
C_4920,Matthew Dominguez
C_4921,Jennifer Parker
C_4922,Nicole Williams
C_4923,Vanessa Dougherty
C_4924,Karen Davis
C_4925,Luis Reese
C_4926,Paul Miller
C_4927,Kathleen Larsen
C_4928,Chris Trujillo
C_4929,Kaylee Lewis
C_493,Richard Malone
C_4930,Valerie Caldwell
C_4931,Meagan Brewer
C_4932,Amy Griffith
C_4933,Garrett Wheeler
C_4934,Heidi Alexander
C_4935,Jennifer Young
C_4936,Dawn Trevino
C_4937,Jeffery Johns
C_4938,Rebecca Cooper
C_4939,Catherine Vasquez
C_494,Jack Lee
C_4940,Courtney Moreno
C_4941,John Oneal
C_4942,William Arnold
C_4943,Susan Graham
C_4944,Kimberly Cordova
C_4945,Cole Ortega
C_4946,Vincent Zimmerman
C_4947,Tyler Smith
C_4948,Jessica Schneider
C_4949,Connie Webb DDS
C_495,Jo Jones
C_4950,Shawn Gonzalez
C_4951,Ashley West
C_4952,Ashley Guerra
C_4953,Ryan Smith
C_4954,Luke Black
C_4955,Tammy Lopez
C_4956,Richard Ramsey
C_4957,Javier Brewer
C_4958,Cindy Garcia
C_4959,Tamara Cobb
C_496,Annette Snow
C_4960,Patricia Alvarez
C_4961,Laura Moore
C_4962,Brian Wood
C_4963,Courtney Valdez
C_4964,Brandon Moses
C_4965,Bonnie Meza
C_4966,Travis Lynch
C_4967,Matthew Hughes
C_4968,Derrick Cruz
C_4969,Stephanie Stone
C_497,Andrew Haney
C_4970,Teresa Wells
C_4971,Amber Kramer
C_4972,Kyle Young
C_4973,Aaron West
C_4974,Allison Baker
C_4975,Antonio Ali
C_4976,Shawn Dawson
C_4977,Sarah Cook
C_4978,Amy Long
C_4979,Jerry Duke
C_498,Deanna Murphy
C_4980,Emily Davis
C_4981,Michael Gates
C_4982,Jennifer Pena
C_4983,Amber King
C_4984,Michael Thomas
C_4985,Micheal Williams
C_4986,Alexander Schneider
C_4987,Madison Williams
C_4988,Ann Baker
C_4989,Heather Archer
C_499,Douglas Frye
C_4990,Matthew Mullen
C_4991,Chelsea Walker
C_4992,Jonathon Murphy
C_4993,Ryan White
C_4994,Alicia Cook
C_4995,Carol Branch
C_4996,Matthew Russell
C_4997,Kayla Barber
C_4998,Stephanie Coleman
C_4999,Kevin Nelson
C_5,Paul Gonzalez
C_50,Bradley Medina
C_500,Sean Hayes
C_5000,Kristen Griffin
C_5001,Steven Jones
C_5002,Melanie Johnson
C_5003,Carmen Morales
C_5004,Richard Burns
C_5005,Tiffany Berger
C_5006,Erica Valentine
C_5007,Sarah Ortiz
C_5008,William Dennis
C_5009,Willie Gonzales
C_501,Aaron Griffin
C_5010,Michael Rios
C_5011,Michael Brown
C_5012,Neil Baker
C_5013,Vanessa Moore
C_5014,Mr. Jon Smith
C_5015,Tricia Summers
C_5016,Michael Perez
C_5017,Dr. David Rodriguez
C_5018,Victoria Morris
C_5019,Jason Anderson
C_502,Angel Estrada
C_5020,Jeffrey Villa
C_5021,Morgan Sheppard
C_5022,Lauren Atkinson
C_5023,Christopher Cruz
C_5024,Veronica Rollins
C_5025,Donald Mendoza
C_5026,John Mcintosh
C_5027,Sarah Simon
C_5028,Desiree Brown
C_5029,Gary Rivera
C_503,Kimberly Morton
C_5030,Michael Tucker
C_5031,Katherine Hicks
C_5032,Diana Gray
C_5033,Robert Lee
C_5034,Helen Peterson MD
C_5035,Timothy Rice
C_5036,Joel Brown
C_5037,Victoria Osborne
C_5038,Matthew Dodson
C_5039,Michael Humphrey Jr.
C_504,Jasmine Ross
C_5040,Evan Kelly
C_5041,Miss Megan Hamilton
C_5042,Jennifer Coleman
C_5043,David Martin
C_5044,Susan Mcneil
C_5045,Kim Mora
C_5046,Christopher Harvey
C_5047,Dominique Tucker
C_5048,Richard Gordon
C_5049,Kylie Martin
C_505,Matthew Nguyen
C_5050,Alexander Smith
C_5051,Theresa Harrison
C_5052,Kyle Moore
C_5053,Kenneth Stewart
C_5054,Joshua Diaz
C_5055,Diana Padilla
C_5056,Tabitha Bishop
C_5057,Angela Martinez
C_5058,David Fleming
C_5059,Crystal Huber
C_506,Jordan Coleman
C_5060,Jessica Hobbs
C_5061,Hunter Black
C_5062,John Blake
C_5063,Edward Reyes
C_5064,Amy Smith
C_5065,Mrs. Christina Shaw
C_5066,Christina Wang
C_5067,David Moses
C_5068,James Lopez
C_5069,Linda Brady
C_507,Crystal Hart
C_5070,Lauren Chan
C_5071,Philip Hall
C_5072,Phillip Tran
C_5073,Paula Gardner
C_5074,Nancy Smith
C_5075,Brian Taylor
C_5076,Rebecca Vega
C_5077,Sydney Robinson
C_5078,Debra Taylor
C_5079,Amy Thompson
C_508,Robert Vang
C_5080,Ryan Hughes
C_5081,Krystal Newman
C_5082,Robert Jordan
C_5083,David Leach
C_5084,Timothy Brewer
C_5085,Michael Neal
C_5086,Kevin Chavez
C_5087,Phillip Bond
C_5088,Ann Banks
C_5089,Tracey Hunt
C_509,Lauren Hernandez
C_5090,Anthony Johnson
C_5091,Jesus Caldwell
C_5092,Emily Wells
C_5093,Jessica Calderon
C_5094,Damon Williams
C_5095,Angela Jackson
C_5096,Pamela Kirk
C_5097,Michael Barnett
C_5098,Richard Campbell
C_5099,Walter Riley
C_51,Dakota Bonilla
C_510,Thomas Gray
C_5100,Tristan Manning
C_5101,Heidi Miller
C_5102,Keith Waller
C_5103,Jorge Wilkerson
C_5104,John Johnson
C_5105,Brooke Costa
C_5106,Mrs. Ann White
C_5107,Sherri Kelley
C_5108,Daniel White
C_5109,Kara Ellis
C_511,Jose Salazar
C_5110,Jennifer Hansen
C_5111,Ryan Greene
C_5112,George Greene
C_5113,Joseph Murphy
C_5114,Michael Gonzalez
C_5115,Lisa Mills
C_5116,Diana Dickson
C_5117,Andrew Rivas
C_5118,Barbara Benitez
C_5119,Kevin Holland
C_512,Ryan King
C_5120,Raymond Mendez
C_5121,Terri Atkins
C_5122,Jasmine Henry
C_5123,Monica Thompson
C_5124,Donald Johnson
C_5125,Patrick Brewer
C_5126,Brenda Torres
C_5127,Stacy Roberts
C_5128,Kendra Johnson
C_5129,Matthew Hansen
C_513,Veronica Bennett
C_5130,John Patel
C_5131,Nicholas Elliott
C_5132,Amy Lester
C_5133,John Melendez
C_5134,Aaron Lambert
C_5135,Douglas Kerr
C_5136,Sarah Yang
C_5137,Lorraine Craig
C_5138,Andrew Diaz
C_5139,Dr. Laura Mccall
C_514,Joe Mullins
C_5140,Keith Jones
C_5141,Tiffany Thompson
C_5142,Tracy King
C_5143,Edward Cruz
C_5144,Dominique Winters
C_5145,Brandon Valdez
C_5146,Brandy Malone
C_5147,Joshua Jones
C_5148,Erin Williams
C_5149,Melissa French
C_515,Randy Frey
C_5150,Melanie Jackson
C_5151,Juan Matthews
C_5152,Andrew Peters
C_5153,Tracy Holt
C_5154,Francis Mcintosh
C_5155,Alexander Evans
C_5156,Rodney Hicks
C_5157,Andrea Kennedy
C_5158,Amy Mcmahon
C_5159,Jason Bonilla
C_516,Richard Lee
C_5160,Anthony Cox
C_5161,Steven Bailey
C_5162,James Hernandez
C_5163,Cynthia Carson
C_5164,Patricia Gutierrez
C_5165,Tina West
C_5166,Mark Dudley
C_5167,Deanna Wilkinson
C_5168,Sandra Ellis
C_5169,Colleen Spencer
C_517,Cynthia Waters
C_5170,Ryan Rose
C_5171,Jennifer Farmer
C_5172,Allen Brown
C_5173,Dr. Jorge Sanchez MD
C_5174,Stacey Fuller
C_5175,Sharon Robinson
C_5176,Jeremy Nguyen
C_5177,Aaron Bailey
C_5178,Ryan Sanford
C_5179,Misty Harris
C_518,Roger Johnson
C_5180,Willie Brown
C_5181,Eugene Aguirre
C_5182,Jane Gonzales
C_5183,Justin Hanson
C_5184,Olivia Williams
C_5185,William Griffith
C_5186,Karen Johnson
C_5187,Jason Bishop
C_5188,Lydia Ruiz
C_5189,Cathy Snyder
C_519,Alan Wilson
C_5190,Brent Juarez
C_5191,Leslie Fuller
C_5192,Christopher Schaefer
C_5193,Erika Ortiz
C_5194,Derek Thomas
C_5195,Kimberly Gomez
C_5196,Jason Rich
C_5197,Tony Boyer
C_5198,Marcus Tran
C_5199,Lindsay Yang
C_52,John Lopez
C_520,Robert Baldwin
C_5200,Vanessa Austin
C_5201,Andrea Hansen
C_5202,Crystal Williams
C_5203,Sherri Green
C_5204,Austin Tucker
C_5205,Thomas Fisher
C_5206,Raven Strickland
C_5207,Sara Torres
C_5208,Katherine Clark
C_5209,Jennifer Vasquez
C_521,Jade Roberts
C_5210,Tiffany Nelson
C_5211,William Bowen
C_5212,Matthew Morris
C_5213,Pamela Macdonald
C_5214,John Sexton
C_5215,Gilbert Bridges
C_5216,Katherine Andrade
C_5217,Michele Smith
C_5218,William Ray
C_5219,Brittany Santiago DVM
C_522,Brian Burton
C_5220,Timothy Lee
C_5221,Christopher Snyder
C_5222,Renee Hernandez
C_5223,Jennifer Sutton
C_5224,Ryan Johnson
C_5225,Stephen Jackson
C_5226,David Howard
C_5227,Louis Phillips
C_5228,Janice Barker
C_5229,Michael Bryant
C_523,Jessica Stokes
C_5230,Billy Jones
C_5231,Mark Clark
C_5232,Tom Bailey
C_5233,Charles Montoya
C_5234,Alexandra Duarte
C_5235,Tracy Harrison
C_5236,William Cooper
C_5237,Bobby Brown
C_5238,Jacqueline Edwards
C_5239,Maria Welch
C_524,Anna Rojas
C_5240,Katherine Horne
C_5241,Joshua Miller
C_5242,Tara Padilla
C_5243,Tammy Harris
C_5244,Paul Cordova
C_5245,David Gonzales MD
C_5246,David Jones
C_5247,Justin Saunders PhD
C_5248,Rachel Pitts
C_5249,Damon Parks
C_525,William Richard
C_5250,Bradley Gonzales
C_5251,Crystal Maddox
C_5252,Bruce Wright
C_5253,Robert Lewis
C_5254,Mr. Anthony Bailey DDS
C_5255,Ruben Sosa
C_5256,Andrea Booth
C_5257,Jessica Washington
C_5258,Gerald Fuller
C_5259,Ryan Anderson
C_526,Maria Scott
C_5260,Christina Snow
C_5261,Alexandra Garcia
C_5262,Stanley Porter
C_5263,Marissa Miller
C_5264,John Foster
C_5265,Courtney Montes
C_5266,Matthew Gibson
C_5267,Anthony West
C_5268,Carly Barajas
C_5269,Megan Juarez
C_527,Andrew Robinson
C_5270,Levi Adams
C_5271,Amanda Shaw
C_5272,Edward Rodriguez
C_5273,Lisa Torres
C_5274,David Richards
C_5275,Alexis Ramsey
C_5276,Danielle Moore
C_5277,Joseph Sanders
C_5278,Peggy Williams
C_5279,Anthony Morris
C_528,Adam Lawrence
C_5280,Larry Webster
C_5281,Debra Diaz
C_5282,Cindy Smith
C_5283,Jill Mercado
C_5284,Joel Sutton
C_5285,Denise Middleton
C_5286,Warren Fuller
C_5287,Michelle Warren
C_5288,Mia Rhodes
C_5289,Thomas Anderson
C_529,Keith Collins
C_5290,Mikayla Flores
C_5291,Linda Johnson
C_5292,William Hernandez Jr.
C_5293,Erin Hill
C_5294,Yvonne Summers
C_5295,Tonya Ortiz
C_5296,Jeremy Montgomery
C_5297,Monica Pace
C_5298,Victoria Clayton
C_5299,Maria Romero
C_53,Sarah Richardson
C_530,Keith Parks
C_5300,Jessica Robles
C_5301,Sandra Phillips
C_5302,John Green
C_5303,Jack Robbins
C_5304,Gregory Owen
C_5305,Adam Oliver
C_5306,Michael Lopez MD
C_5307,Sylvia Fernandez
C_5308,Bruce Scott
C_5309,Oscar Anderson
C_531,Jessica Baker
C_5310,Tom Perez
C_5311,Madison Castillo
C_5312,David Black
C_5313,Kim Francis
C_5314,Veronica Hanson
C_5315,Nathaniel Smith
C_5316,Joseph Decker
C_5317,Chris Daniels
C_5318,David Knight
C_5319,Juan Silva
C_532,Taylor Garcia
C_5320,Erin Barr
C_5321,James Stephenson
C_5322,Karen Marshall
C_5323,Alan Chandler
C_5324,Casey Martinez
C_5325,Timothy Adams
C_5326,Kelly Greer
C_5327,Robert King
C_5328,Jennifer Rose
C_5329,Jamie Wright
C_533,Shannon Brewer
C_5330,Robin Crawford
C_5331,Monica Floyd
C_5332,Thomas Preston
C_5333,Jacqueline Vasquez
C_5334,Mary Green
C_5335,David Ford
C_5336,Nicholas Morgan
C_5337,Sheila Briggs
C_5338,Christina Phelps
C_5339,Jesus Hernandez
C_534,Bonnie Knight
C_5340,Jeffrey Spencer
C_5341,Dale Smith
C_5342,Lori Preston
C_5343,Glen Roberts
C_5344,Kathryn Velez
C_5345,Debra Villa
C_5346,Angela Hamilton
C_5347,Curtis Sparks
C_5348,Terrence Gibson
C_5349,Kyle Jenkins
C_535,Matthew Wagner
C_5350,Kara Ryan
C_5351,Lauren Perez
C_5352,Thomas Booker
C_5353,Sherry Hale
C_5354,Dr. Isaiah Smith
C_5355,Roger Shaffer
C_5356,Peter Graham
C_5357,Michelle Bush
C_5358,Virginia Escobar
C_5359,Penny Smith
C_536,Sarah Marshall
C_5360,Robert Anderson
C_5361,Brad Walker
C_5362,Thomas Williams
C_5363,Ryan Gardner
C_5364,Andre Spencer
C_5365,Annette Martinez
C_5366,John Pope
C_5367,Scott Brewer
C_5368,Amy Lopez
C_5369,Kristin Anderson
C_537,Brandon Hall
C_5370,Todd Rivera
C_5371,Richard Conley
C_5372,Dustin Jones
C_5373,Sarah Holland
C_5374,Kimberly Jones
C_5375,Brian Bennett
C_5376,Nathaniel Phillips
C_5377,Wendy Gonzalez
C_5378,Antonio Pham
C_5379,Monica Robertson
C_538,Sarah Mcclain
C_5380,Shannon Jackson
C_5381,Joseph Ruiz
C_5382,Sandra Dodson
C_5383,Erika Wright
C_5384,Cassandra Carter
C_5385,Elizabeth Wilson
C_5386,Brian Schmidt Jr.
C_5387,Jackie Warner
C_5388,Tracy Adams
C_5389,Justin Ross
C_539,Monica Lane
C_5390,Suzanne Stephenson
C_5391,Kyle Andrews MD
C_5392,Mary Perez
C_5393,Nathan Bryant
C_5394,Megan Delgado
C_5395,John Wilkins
C_5396,Karen Castillo
C_5397,Emily Krueger
C_5398,David Brewer
C_5399,Alison Davis
C_54,Tracy Davis
C_540,Sarah Manning
C_5400,Brittany Miller
C_5401,James Velez
C_5402,Bryan Castro
C_5403,Annette Collins
C_5404,Jacqueline Smith
C_5405,Catherine Ryan
C_5406,Tammy Joseph
C_5407,Rebecca Lewis DDS
C_5408,Cameron Martin II
C_5409,Nicole Dixon
C_541,Angela Blanchard
C_5410,Alyssa Brewer
C_5411,Steven Mclaughlin
C_5412,Nicole Lawrence
C_5413,Kelly Phillips
C_5414,Stephen Conley Jr.
C_5415,James Franklin
C_5416,Karen White
C_5417,Emily Chan MD
C_5418,Richard Miller
C_5419,Maurice Hunt
C_542,Christopher Payne
C_5420,Zachary Martin
C_5421,Eric Harris
C_5422,Sarah Rogers
C_5423,Craig Johnson
C_5424,Gregory Rodriguez
C_5425,Lauren Oliver
C_5426,John Lewis
C_5427,Melissa Oliver
C_5428,Julia Bennett
C_5429,David Ball
C_543,John Hamilton
C_5430,Nicole Jackson
C_5431,Danielle Carroll
C_5432,Lisa Suarez
C_5433,Kristin Walker
C_5434,Christie Smith
C_5435,Larry Page
C_5436,Sheri Benson
C_5437,Elizabeth Steele
C_5438,Heather Thompson
C_5439,Harold Smith MD
C_544,Amy Watkins
C_5440,Shannon Brandt
C_5441,Stanley Robertson
C_5442,Michelle Clark
C_5443,Christopher May
C_5444,Chad Wilson MD
C_5445,Tammy Shannon DVM
C_5446,Joseph Brooks
C_5447,Emily Wang
C_5448,Martha Short
C_5449,Kenneth Fletcher
C_545,Amy Jones
C_5450,Julie Ramos
C_5451,Robert Shepard
C_5452,Jonathan Sexton
C_5453,Nathan Anderson
C_5454,Michelle Johnson
C_5455,Amber Scott
C_5456,Johnny Larsen
C_5457,Jessica Cooley
C_5458,Michael Rios
C_5459,Mr. Adam Allen
C_546,Jenny Robles
C_5460,Trevor Flores
C_5461,Michele Smith
C_5462,Robert Patrick
C_5463,Jody Gates
C_5464,Jacqueline Smith
C_5465,Mr. Justin Fields Jr.
C_5466,Michelle Jefferson
C_5467,Joshua Roberson
C_5468,Michael Walsh
C_5469,Tracy Madden
C_547,Leslie White
C_5470,Jennifer Watson
C_5471,Ashley Strickland
C_5472,Mackenzie Hall
C_5473,Bryan Giles
C_5474,Mandy Martin
C_5475,Anna Cook
C_5476,Lindsay Farmer
C_5477,Mary Walker
C_5478,Phillip Roach
C_5479,Sara Williams
C_548,Rachael Fowler
C_5480,Roberta Crawford
C_5481,Philip Morgan
C_5482,William Clark
C_5483,Michael Alvarez
C_5484,Douglas Williams
C_5485,Raymond Andrews
C_5486,Chelsey Schultz
C_5487,Angela Wallace
C_5488,Christopher Rose
C_5489,Jeremy Gilbert
C_549,Madeline Smith MD
C_5490,Daniel Johnson
C_5491,Benjamin Gomez
C_5492,Kenneth Hart
C_5493,Craig Mendoza
C_5494,Dale Garcia
C_5495,Veronica Gray
C_5496,Sarah Lyons
C_5497,Zachary Olson
C_5498,Sarah Maxwell
C_5499,Jacqueline Turner
C_55,Karen Jefferson
C_550,Ryan Tran
C_5500,Christopher Pittman
C_5501,Destiny Schmidt
C_5502,Jason Garcia
C_5503,Sarah Smith
C_5504,Steven Rosales
C_5505,Jessica Barker
C_5506,Jose Fischer
C_5507,John Hampton
C_5508,Stacy Ramsey
C_5509,Aaron Pineda
C_551,Thomas Carter
C_5510,Meredith Cook
C_5511,Gary Hess
C_5512,Victoria Chambers
C_5513,Colleen Walker
C_5514,Jose Turner
C_5515,Daniel Noble
C_5516,Jasmine Santos
C_5517,Latoya Turner
C_5518,Wendy Buchanan
C_5519,Carolyn Fowler
C_552,Scott Watkins
C_5520,Richard Lee
C_5521,Joy Roberts
C_5522,Samuel Jackson
C_5523,Lisa Rodriguez PhD
C_5524,Karen Hoover
C_5525,Victoria Silva
C_5526,Dave Phillips
C_5527,Carly Kelley
C_5528,Christina James
C_5529,Brian Wallace
C_553,Raymond Miller
C_5530,Terri Lopez
C_5531,Brooke Vance
C_5532,Tammy Mcguire
C_5533,Jeffrey Ross
C_5534,Molly Rivera
C_5535,Kevin Harris
C_5536,Matthew Smith
C_5537,Johnny Wolf
C_5538,Jacqueline Roberson
C_5539,Brian Powers
C_554,Jessica Chang
C_5540,Daniel Thornton
C_5541,Heidi Simmons
C_5542,Julie Hawkins
C_5543,Jessica Durham MD
C_5544,Tammy Grant
C_5545,Angela Wade
C_5546,Jessica Hester
C_5547,Leslie Harrington
C_5548,Sarah Rodgers
C_5549,Paul Daniels
C_555,Meagan Petersen
C_5550,Holly Mack
C_5551,Susan Washington
C_5552,Christina Adams
C_5553,Carrie Luna
C_5554,Ethan Sheppard
C_5555,Christina Blankenship
C_5556,Jonathan Jones
C_5557,Anthony Horn
C_5558,Kevin Lucas
C_5559,Preston Mann
C_556,Jessica Smith
C_5560,Donald Holmes
C_5561,Ronald Davis
C_5562,Danielle Morgan
C_5563,Pamela Carlson
C_5564,Lori Doyle
C_5565,John Moore
C_5566,David Marshall
C_5567,Victoria Reese
C_5568,Maria Jacobson DDS
C_5569,Johnathan Moyer
C_557,Mark Hayes
C_5570,Brian Murray
C_5571,Andre Meyer
C_5572,Diana Mercado
C_5573,David Nielsen
C_5574,Brittany Myers
C_5575,Ethan Carroll
C_5576,Cassandra Martin
C_5577,Kelsey Walters
C_5578,Terrance King
C_5579,Tamara Scott
C_558,Christopher Miller
C_5580,Eric Kelly
C_5581,Kelly Mitchell
C_5582,Sharon Delgado MD
C_5583,William Gamble
C_5584,Tasha Shepherd DDS
C_5585,Spencer Johnson
C_5586,Steven Smith
C_5587,Megan Vaughan
C_5588,Jennifer Thompson
C_5589,Kimberly Carter
C_559,Scott White
C_5590,Kimberly Bowman
C_5591,Cynthia Rodriguez
C_5592,Brianna Willis
C_5593,Lisa Jenkins
C_5594,Veronica Hudson
C_5595,Dr. Eric Cooper
C_5596,Thomas George
C_5597,Heather Castillo
C_5598,Robert Garcia
C_5599,Hannah Fields
C_56,Jose Cole
C_560,April Osborn
C_5600,Robert Clark
C_5601,Lisa Graves
C_5602,Catherine Thomas
C_5603,Mark Vargas
C_5604,Mr. Christopher Garcia DDS
C_5605,Deanna Flores MD
C_5606,Erica Koch
C_5607,Craig Bryant
C_5608,Greg Ward
C_5609,Jessica Lutz
C_561,Danielle Macdonald
C_5610,Ricky Miranda
C_5611,Jonathan Bowman
C_5612,Aaron Rosales
C_5613,Jeffrey Garcia
C_5614,Jacqueline Rice
C_5615,Lance Drake
C_5616,Elizabeth Contreras
C_5617,Martin Sanchez
C_5618,Jerry Steele
C_5619,Cindy Wilson
C_562,Melissa White
C_5620,Diane Pierce
C_5621,Maria Jordan
C_5622,Molly Gallagher
C_5623,Joshua Gibson
C_5624,Jennifer Howard
C_5625,Joy Lynch
C_5626,Courtney Leonard
C_5627,Amy Rice
C_5628,Benjamin Peterson
C_5629,Mrs. Carol Stein DVM
C_563,Kelly Torres
C_5630,Angela Moore
C_5631,Lisa Kirk
C_5632,Katie Patterson
C_5633,Stephanie Davidson DDS
C_5634,Susan Jones
C_5635,Andrew Aguilar
C_5636,Dillon Mendez
C_5637,Caitlin Martinez
C_5638,Crystal Malone
C_5639,Kevin Ruiz
C_564,Marc Nguyen
C_5640,Katherine Clements
C_5641,Jennifer Lawson
C_5642,Tony Barnett
C_5643,Jessica Wilson
C_5644,Kelly Patterson
C_5645,Lisa Lee
C_5646,Margaret Lopez
C_5647,Rachel Carr
C_5648,Mark Washington
C_5649,Anna Howard
C_565,Vanessa Rodriguez
C_5650,Alexandria Caldwell
C_5651,Kristina Gates
C_5652,Kevin Clark
C_5653,Donna Johnson DDS
C_5654,Cory Cline
C_5655,Eric Sullivan
C_5656,Michelle Graham
C_5657,Kimberly Gray
C_5658,Caroline Ross
C_5659,Scott Velazquez
C_566,Anthony Bender
C_5660,Cindy Stewart
C_5661,Courtney Gibson
C_5662,Michelle Freeman
C_5663,Andrew Gonzalez
C_5664,Shawn Massey
C_5665,Cassandra Woods
C_5666,Joshua Hill
C_5667,Jim Salazar
C_5668,Xavier Watts
C_5669,Jeffery Carpenter
C_567,Gina Hill
C_5670,Katie Smith
C_5671,Veronica Bridges
C_5672,Brian Humphrey
C_5673,Kyle Williams
C_5674,Jeffrey Hanson
C_5675,Candace Brown
C_5676,Alison Gray
C_5677,Cindy Bradley
C_5678,Larry Gray
C_5679,Mr. Duane Poole
C_568,Shannon Young
C_5680,Linda Hill
C_5681,Jennifer Meyer
C_5682,Corey Hayes
C_5683,April Hendrix
C_5684,Terry Baker
C_5685,Ricky Raymond
C_5686,Jason Williams
C_5687,Madison Smith
C_5688,Barbara Mcintyre
C_5689,Nancy Miles
C_569,Priscilla Franklin
C_5690,Michael Cannon DDS
C_5691,Rachel Lopez
C_5692,Juan Patton
C_5693,Bruce Cain
C_5694,Kimberly Fitzgerald
C_5695,Robert Phillips
C_5696,Terry Dunn
C_5697,Denise Cox
C_5698,Tammy Edwards
C_5699,Christopher Davis
C_57,Carolyn Day
C_570,Marc Webb
C_5700,Eric Smith
C_5701,Leah Cook
C_5702,Tracy Patel
C_5703,Matthew Kennedy
C_5704,Amanda Alvarado
C_5705,Karen Silva
C_5706,Chelsea Gould
C_5707,Patrick Duncan
C_5708,Adrian Horn
C_5709,David Shepherd
C_571,Thomas Bartlett
C_5710,Kenneth Delgado
C_5711,Jason Downs
C_5712,David Ramirez
C_5713,Matthew Alvarez
C_5714,John Ramirez
C_5715,Joe Roach
C_5716,David Acevedo
C_5717,Jeffrey Juarez
C_5718,Alan Davis
C_5719,Sue Sullivan
C_572,Aaron King
C_5720,Amy Clark
C_5721,Michael Waters
C_5722,Sandra Young MD
C_5723,Sabrina Stevens
C_5724,Thomas Lewis
C_5725,Sarah Franco
C_5726,Steve Barron
C_5727,Jared Harrell
C_5728,Lynn Cook
C_5729,Jay Mckinney
C_573,Philip Wilkinson
C_5730,Jennifer Ray
C_5731,Dr. Kevin Cordova
C_5732,Guy Wilson
C_5733,Barbara Thomas
C_5734,Mary Clay
C_5735,Bailey Gomez
C_5736,John Hoover
C_5737,Jamie Waters
C_5738,Sean Booker
C_5739,Tanner Gonzalez
C_574,Alexander Moore
C_5740,Brandon Diaz
C_5741,Eric Norris
C_5742,Kelly Lee
C_5743,Brandon Watson
C_5744,Steven Lewis
C_5745,Reginald Kelly
C_5746,Kristina Rogers
C_5747,Nathan Pearson
C_5748,Robert Parsons
C_5749,Jerry Miller
C_575,John Blankenship
C_5750,Crystal Bullock
C_5751,Kathleen Collins DDS
C_5752,Mary Massey
C_5753,Christine Henry
C_5754,Jimmy Salinas
C_5755,Patrick Flores
C_5756,Gary Becker
C_5757,Julie Austin
C_5758,Jason Villarreal
C_5759,Michael Doyle
C_576,Vicki Brown
C_5760,Leroy Jackson
C_5761,Melissa Marshall
C_5762,Christina Jones
C_5763,Deborah Washington
C_5764,Sonya Moore
C_5765,Patrick Allen
C_5766,Brianna Price
C_5767,Joshua Cain
C_5768,Bryan Paul
C_5769,Mary Leblanc
C_577,Carlos Delgado
C_5770,Tyler Acosta
C_5771,Laura Smith
C_5772,Daniel Salazar
C_5773,Kimberly Terry
C_5774,Karen Morales
C_5775,Jonathan Green
C_5776,Juan Vaughan
C_5777,Grant Guerrero
C_5778,Dominique Wu
C_5779,Stephanie Moore
C_578,Oscar Brown
C_5780,Jason Morris
C_5781,Andrew Brown
C_5782,Sonya Roberts
C_5783,Sergio Nelson Jr.
C_5784,Robert Whitehead
C_5785,Ms. Amy Fisher
C_5786,Michelle Malone
C_5787,Ray Bowen
C_5788,Matthew Sweeney
C_5789,Megan Taylor
C_579,Shirley Hernandez
C_5790,John Greene
C_5791,Taylor Davis
C_5792,Brian Saunders
C_5793,Elizabeth Leach
C_5794,Daryl Robinson
C_5795,Debra Gonzalez
C_5796,Justin Gonzalez
C_5797,Dennis Davis
C_5798,Christina Davis
C_5799,Mathew Michael
C_58,Stephen Bennett
C_580,Ashley Cox
C_5800,Gina Moore
C_5801,Carlos Rivera
C_5802,Kelsey Wall
C_5803,Lisa Day
C_5804,Leonard Campbell
C_5805,Mr. Carlos Jackson
C_5806,Rebecca Gibson
C_5807,Laura Robertson
C_5808,Tiffany Richardson
C_5809,Dawn Young
C_581,Nicholas Thompson
C_5810,Karen Cortez
C_5811,Diane Jones
C_5812,Stephen Rodgers
C_5813,Debra Fuller
C_5814,James Ellison
C_5815,Michael Hunter
C_5816,Charles Nielsen
C_5817,Kayla Lane
C_5818,Ashley Robinson
C_5819,Dr. Brian Dunn
C_582,Nicole Lynch
C_5820,Erik Christensen
C_5821,Ryan Williamson
C_5822,Michael Blanchard
C_5823,Joseph Ware
C_5824,Abigail Adams
C_5825,Dale Robinson
C_5826,Amber Campbell
C_5827,Tara Lee
C_5828,Dean Hoffman
C_5829,Richard Woodward
C_583,Frederick Werner
C_5830,Gerald Hernandez
C_5831,Brenda Marshall
C_5832,Marcus Ballard
C_5833,George Johnson
C_5834,Tiffany Klein
C_5835,Cole Wilson
C_5836,Austin Rush
C_5837,Michael King
C_5838,Nina Garner
C_5839,Holly White
C_584,Jordan Jensen
C_5840,David Bryant
C_5841,Charlene Bell
C_5842,Timothy Williams PhD
C_5843,Christopher Blair
C_5844,Nicholas Valdez
C_5845,Jennifer Johnson
C_5846,Anthony Rojas
C_5847,Jeremy Snow
C_5848,Zachary Preston
C_5849,Philip Brown
C_585,Matthew Williams
C_5850,Jeremy Wright
C_5851,Craig Nichols
C_5852,Ray Randall
C_5853,Brandon Henson
C_5854,Christopher Trevino
C_5855,Robert Harmon
C_5856,Robert Brown
C_5857,Patrick Watkins
C_5858,Nicole Jones
C_5859,Erica Johnson
C_586,Ricky Jones
C_5860,Madison Ochoa
C_5861,Mr. Neil Gamble
C_5862,Jesse Wallace
C_5863,Aaron Kelly
C_5864,William Payne
C_5865,Victor Banks
C_5866,Sharon Morgan
C_5867,William Harvey
C_5868,Michael Davis
C_5869,Tyler Miranda
C_587,Peter Malone
C_5870,Sarah Walker
C_5871,William Snow
C_5872,Craig Maddox
C_5873,Ariel Woods
C_5874,Christian Hill
C_5875,David Bowen
C_5876,Lori Haley
C_5877,Michael Lewis
C_5878,Abigail Reynolds
C_5879,Amber Villegas
C_588,Karina Hall
C_5880,Christopher Schneider
C_5881,John Smith
C_5882,Erica Henry
C_5883,Gordon Smith
C_5884,Anne Dixon
C_5885,Destiny Herman
C_5886,Mr. Andrew Smith
C_5887,Jamie Stein
C_5888,Christopher Woodard
C_5889,Mercedes Alvarez
C_589,Leah Castro
C_5890,Wesley Spence
C_5891,Damon Tapia
C_5892,Jennifer Johnson
C_5893,Walter Salazar
C_5894,Brandy James
C_5895,Brandon Miller
C_5896,Tanner Hall
C_5897,Alexandra Lewis
C_5898,Todd Best
C_5899,Kimberly Harris
C_59,Ashley Sanchez
C_590,Jacob Frost
C_5900,Becky Austin
C_5901,Mr. David Wilkins
C_5902,Rachel Bryan
C_5903,Roberto Barr
C_5904,Melissa West
C_5905,Jessica Nichols
C_5906,John Williams
C_5907,Gregory Heath
C_5908,Amy Dunlap
C_5909,Christopher Coleman
C_591,John Freeman
C_5910,Susan Gross
C_5911,Carolyn Huynh
C_5912,Kim Stanley
C_5913,Sherry Young
C_5914,Kenneth Henderson
C_5915,Crystal Jackson
C_5916,Yvonne Phillips
C_5917,Jay Dudley
C_5918,Jennifer Fischer
C_5919,Susan Kennedy
C_592,Jennifer Garcia
C_5920,Caroline Anderson
C_5921,Debra Gardner DDS
C_5922,Henry Kent
C_5923,Erica Anderson
C_5924,Brandon Shaw
C_5925,Michael Kelley
C_5926,Kiara Yates
C_5927,Brian Collins
C_5928,Jennifer Nolan
C_5929,Deborah Cooper
C_593,Michael Brown
C_5930,Hayley Allen
C_5931,Rodney Harris
C_5932,Tony Yang
C_5933,Rachel Smith
C_5934,Justin Baker
C_5935,Joel Werner MD
C_5936,Clinton Vasquez
C_5937,Steven Johnson
C_5938,Derrick Carter
C_5939,Melissa James
C_594,Steven Tucker
C_5940,Patricia Smith
C_5941,Laura Jenkins
C_5942,Joseph Guerra
C_5943,Vanessa Gonzalez
C_5944,Victoria Day
C_5945,Annette Jones
C_5946,Lisa Mcdonald
C_5947,Charles Rodriguez
C_5948,Robert Hall
C_5949,John Terrell
C_595,Lisa Thomas
C_5950,Jennifer Greene
C_5951,Ronald Hamilton
C_5952,Renee Henry
C_5953,Ryan Clark
C_5954,Natalie Green
C_5955,Christopher Murray
C_5956,Robert Alvarez
C_5957,Diane Vasquez
C_5958,Sylvia Parker
C_5959,Stephanie Richmond
C_596,Amy Hayes
C_5960,Marc Barnett
C_5961,Nicole Howe
C_5962,William James
C_5963,Jessica Thomas
C_5964,John Dillon
C_5965,Destiny Smith
C_5966,Craig Cannon
C_5967,Richard Henderson
C_5968,Janet Martin
C_5969,Kristina Peterson
C_597,William Palmer
C_5970,Cheryl Gonzales
C_5971,Anthony Garcia
C_5972,Anthony Mayo
C_5973,Allison Morgan MD
C_5974,Dawn Hill
C_5975,Paul Peterson
C_5976,Patrick Brown
C_5977,Christopher Smith
C_5978,Charles Meyer
C_5979,Janet Martin
C_598,Carol Fernandez
C_5980,Christopher Brown
C_5981,Jacob Wang
C_5982,Dawn Parker
C_5983,Leslie Schneider
C_5984,Ralph Reyes
C_5985,Dylan Lucas
C_5986,Michael Wu
C_5987,Joshua Peterson
C_5988,Nicholas Knapp
C_5989,John James
C_599,Samuel Nelson
C_5990,Dawn Ramirez
C_5991,Lauren Thomas
C_5992,Scott Barnes
C_5993,Sarah Davis
C_5994,Larry Howard
C_5995,Andrea Gonzalez
C_5996,Anthony Sullivan
C_5997,Kyle Shields
C_5998,Donald Jones
C_5999,Nathan Lee
C_6,Chris Pittman
C_60,Denise Johnson
C_600,Misty Hall
C_6000,Amy Wilson
C_6001,Joshua Chandler
C_6002,Christopher Nielsen
C_6003,Kim Coleman
C_6004,Elizabeth Garcia
C_6005,Kelly Humphrey
C_6006,Samantha Zavala
C_6007,Emily Owens
C_6008,Aimee Yates
C_6009,Lori Beasley
C_601,Sandra Garcia
C_6010,Michael Vasquez
C_6011,Ashley Villegas
C_6012,Diana Franklin
C_6013,Daniel Miller
C_6014,Diane Romero
C_6015,Justin Cook
C_6016,Kenneth Harper
C_6017,Joel Gonzales
C_6018,Jill Wilson
C_6019,Steven Pratt
C_602,Jeremy Cooper DDS
C_6020,Eric Huff
C_6021,Monica Reyes
C_6022,Kevin Martinez
C_6023,Brandy Hurley
C_6024,Dustin Thompson
C_6025,Norma Bishop
C_6026,Mr. Justin Villarreal
C_6027,Ray Wong
C_6028,Jeffrey Wyatt
C_6029,Susan Arias
C_603,Stephen Hendrix
C_6030,Christopher Flynn
C_6031,Paul Kelly
C_6032,Melissa Watkins
C_6033,Mary Patterson
C_6034,Tracy Gonzalez
C_6035,Jack Miller
C_6036,Jesse Jackson
C_6037,Eduardo Jackson
C_6038,Jeremy Casey
C_6039,Mitchell Thomas
C_604,Deborah Williamson
C_6040,Emily Smith
C_6041,Rachel Ford
C_6042,Keith Weber
C_6043,Kathryn Martinez
C_6044,Christopher Rivera
C_6045,Kathryn Morris
C_6046,Wendy Torres
C_6047,Vanessa Oconnor
C_6048,Alexandra Morris
C_6049,Dennis Bullock
C_605,David Gordon
C_6050,Jose Allen
C_6051,April Johnson
C_6052,Christy Anderson
C_6053,James Stafford
C_6054,Melissa Brown
C_6055,Timothy Ryan
C_6056,Christopher Bowers
C_6057,Kimberly Ross
C_6058,Cheryl Lee
C_6059,Andrew Russell
C_606,Lauren Bender
C_6060,Christopher Hunt
C_6061,Steve Sharp
C_6062,Joshua Bean
C_6063,Tonya Washington
C_6064,Stephen White
C_6065,Erin Weaver
C_6066,Dale Swanson
C_6067,Mitchell Gonzalez
C_6068,Donald Martinez
C_6069,Ronald Wheeler
C_607,George Mercer
C_6070,Cathy Hurst
C_6071,David Mercado
C_6072,Nicole Brown
C_6073,Jose Smith
C_6074,Blake Gallagher
C_6075,Julian Barrett
C_6076,Christopher Olson
C_6077,Melissa Garcia
C_6078,Alex Bell
C_6079,Jessica Sims
C_608,Zachary Griffin
C_6080,Kathryn Hughes
C_6081,Maxwell Richards
C_6082,Jeremy Grant
C_6083,Keith Smith
C_6084,Madison Ward
C_6085,Roberta Sullivan
C_6086,Christopher Kline
C_6087,Holly Nash
C_6088,Amber Farrell
C_6089,Alyssa Mendoza
C_609,Mario Chavez DDS
C_6090,Susan Carter
C_6091,Jessica Mitchell
C_6092,Jesse Ortiz
C_6093,Julian Scott
C_6094,Ronnie Harvey
C_6095,Jessica Todd
C_6096,Andre Powell
C_6097,Heather Morales
C_6098,Tina Ochoa
C_6099,Michelle Montoya
C_61,Carol Henderson
C_610,Luis Bentley
C_6100,Matthew Walker
C_6101,Alexander Spence
C_6102,Shawn Jackson
C_6103,Karen Brown
C_6104,William Nguyen DDS
C_6105,Benjamin Martinez
C_6106,Jason Hunt Jr.
C_6107,Amanda Wright
C_6108,Michael Porter
C_6109,David Harmon
C_611,Tom White
C_6110,Jennifer Scott
C_6111,Samuel Foster
C_6112,Brendan Burke
C_6113,Daniel Romero
C_6114,Matthew Ray
C_6115,Julie Martin
C_6116,Eric Lindsey MD
C_6117,Logan Brown
C_6118,Thomas Nguyen
C_6119,Miguel Frazier MD
C_612,Randall Olsen
C_6120,Jennifer Kelley
C_6121,Laura Cortez
C_6122,Tammy Smith
C_6123,Marcus Sanders
C_6124,Nicholas Daniel
C_6125,Molly Hernandez
C_6126,Ashley Taylor
C_6127,Michael Black
C_6128,Denise White
C_6129,Michael Ray
C_613,Rachel Lewis
C_6130,Peter Caldwell
C_6131,Elaine Saunders
C_6132,Ashley Sullivan
C_6133,Curtis Dean
C_6134,Adrian Drake
C_6135,David Tucker
C_6136,Jerry Rodriguez
C_6137,James Cooper
C_6138,Jason Sanders
C_6139,Gloria Wilson
C_614,Michael Fowler
C_6140,Dennis Wilson
C_6141,Matthew Freeman
C_6142,Melinda Rivera
C_6143,Katie Boyd
C_6144,Arthur Benson
C_6145,Dylan Perkins
C_6146,Kevin Collins
C_6147,Marcus Owens
C_6148,Heather Garcia
C_6149,Cynthia Cooper
C_615,Marvin Snyder
C_6150,Beth Coleman
C_6151,Drew Ross
C_6152,Robert Jackson
C_6153,Kristin Clark
C_6154,Aaron Johnson
C_6155,Whitney Benson
C_6156,Chloe Thomas
C_6157,Robert Gonzales
C_6158,Sean Thornton
C_6159,Shawn Tucker
C_616,Whitney Jacobs
C_6160,Marie Lewis
C_6161,Stephanie Herrera
C_6162,Amber Guerra
C_6163,Katie Potter
C_6164,Brandy Ferguson
C_6165,Katherine Miller
C_6166,Vincent Contreras
C_6167,Corey Kelley
C_6168,Amber Franco
C_6169,Ashley Anderson
C_617,Drew Anderson
C_6170,Cody Moore
C_6171,Samuel Williams
C_6172,Anthony Brown
C_6173,Katelyn Winters
C_6174,Gary Russell
C_6175,Nancy Roberts
C_6176,David Thompson
C_6177,Briana Walker
C_6178,Jacqueline Glass
C_6179,Debbie Johns
C_618,Sally Young
C_6180,Ann Brown
C_6181,Micheal Swanson
C_6182,Ronald Wilson
C_6183,Martha Mendoza
C_6184,Stacy Smith
C_6185,Amy Benitez
C_6186,Jennifer Jones
C_6187,Ross Ortega
C_6188,Jennifer Tucker
C_6189,William Cox
C_619,Savannah Schaefer
C_6190,Chad Henderson
C_6191,Beverly Rodriguez
C_6192,Alex Patterson
C_6193,Maria Davidson
C_6194,Joshua Steele
C_6195,Erin Robinson
C_6196,Amanda Preston
C_6197,Tracy Walter
C_6198,Sarah Gonzalez
C_6199,Charles Rios
C_62,Melissa Mcguire
C_620,Daniel Harris
C_6200,Jonathan Myers
C_6201,Theresa Williams
C_6202,Rebecca Williams
C_6203,Erin Huffman
C_6204,Peter Larsen
C_6205,Andrea Carter
C_6206,Kristina Mccoy
C_6207,Julie Morris
C_6208,Chad Levy
C_6209,Monique Hall
C_621,Nicole Johnson
C_6210,Carrie Hogan
C_6211,Harold English
C_6212,Austin Calderon
C_6213,Jacqueline Pineda
C_6214,Jennifer Campbell
C_6215,Margaret Flores
C_6216,Jose Ballard
C_6217,Jordan Herring
C_6218,Mrs. Linda Cervantes
C_6219,Kelli Rosales
C_622,Sarah Smith
C_6220,Jeffrey Salazar
C_6221,Sherry Henry
C_6222,Daniel Alvarez
C_6223,Cameron Smith
C_6224,Justin Ortega
C_6225,Amber Olson
C_6226,Kevin Robinson
C_6227,Matthew Johnson
C_6228,Mark Campbell
C_6229,Robert Schmidt
C_623,John Washington
C_6230,William Dunn
C_6231,Shawn Dixon
C_6232,Debra Kemp
C_6233,Julia Phillips
C_6234,Christian Jones
C_6235,Shelly Howard
C_6236,Ann Evans
C_6237,Andrea Thomas
C_6238,Kathryn Kane
C_6239,Oscar Rojas
C_624,Michael Eaton
C_6240,Patricia Snyder DDS
C_6241,Michelle Lopez
C_6242,Christina Martinez
C_6243,Pamela Booth
C_6244,Angela Turner
C_6245,Richard Richards
C_6246,Jacob Moore
C_6247,Joshua Gonzales
C_6248,Austin Nelson
C_6249,Richard Martin
C_625,Jose Rowland
C_6250,Christopher Burns
C_6251,Darrell Randolph
C_6252,Anna Nguyen MD
C_6253,Lauren Campbell
C_6254,Jamie Miller
C_6255,Valerie Walters
C_6256,Amber Martin
C_6257,Kimberly Mccoy
C_6258,James Delgado
C_6259,Zachary Simmons
C_626,Joseph Hayes
C_6260,Elizabeth Mccoy
C_6261,Ms. Maria Esparza
C_6262,Maria Williams
C_6263,Cynthia Jones
C_6264,Nicole Jimenez
C_6265,Tiffany Salazar
C_6266,Justin Fletcher
C_6267,Brandon Carter
C_6268,Makayla Ramirez
C_6269,Diana Diaz
C_627,Ross Benton
C_6270,Michelle Simpson
C_6271,Michelle Miller
C_6272,Peter Watson
C_6273,Thomas Simmons
C_6274,Dr. Lori Burnett
C_6275,Michelle Watson
C_6276,Stephanie Novak
C_6277,Stephen Hicks
C_6278,Jill Brown
C_6279,Kimberly Morse
C_628,Carrie Johnson
C_6280,Dean Campbell
C_6281,Joshua Lewis
C_6282,Dawn Smith
C_6283,Tiffany Jackson
C_6284,Heather Dean
C_6285,Lisa King
C_6286,William Jones
C_6287,Tracy Smith DVM
C_6288,Stephanie Mcgee
C_6289,Heather Mayo
C_629,Kyle Griffith
C_6290,Brian Torres
C_6291,Traci Buchanan DVM
C_6292,Jonathan Sanchez
C_6293,Ian Underwood
C_6294,Steven Harrison
C_6295,Tiffany Robinson
C_6296,Anna Adams
C_6297,Brandon Lawson
C_6298,Marisa Hernandez DDS
C_6299,Damon Mcbride
C_63,Ralph Vance
C_630,Amanda Webb
C_6300,John Williams
C_6301,Seth Garcia
C_6302,Matthew Ramos
C_6303,Robin Mendoza
C_6304,Ebony Kelley
C_6305,Elizabeth French
C_6306,Mr. Paul Hernandez
C_6307,Chase Hansen
C_6308,Nicole White
C_6309,Tiffany Carroll
C_631,Anna Ho
C_6310,Maria Hunter
C_6311,Jessica Andrews
C_6312,Jennifer Smith
C_6313,Sandra Garcia
C_6314,Tina Johnson
C_6315,Ashley Moore
C_6316,Juan Smith
C_6317,Lisa Johnson
C_6318,Douglas Tucker
C_6319,James Summers
C_632,Linda Lin
C_6320,Zoe Mendez
C_6321,Lisa Harris
C_6322,Marie Henderson
C_6323,Crystal Riley
C_6324,David Green
C_6325,Gail Gill
C_6326,Nicole Mcclure
C_6327,Andrew Henry
C_6328,Charles Hill
C_6329,Mario Lowe
C_633,Matthew Ruiz
C_6330,Jessica Hernandez
C_6331,Heather Long
C_6332,Tracey Mack
C_6333,Kent Luna
C_6334,Doris Farrell
C_6335,Kathleen Hood
C_6336,Jonathan Oliver
C_6337,Shane Floyd
C_6338,Sandra Yang
C_6339,Mark Vance
C_634,Sarah Smith
C_6340,Ashley Phillips
C_6341,Kristy Powell
C_6342,Shannon Thomas
C_6343,Angela Jones
C_6344,David Evans
C_6345,Robert Vargas
C_6346,Lacey Chavez
C_6347,Ricky Adams
C_6348,James Thompson
C_6349,Elizabeth Guerrero
C_635,John Barnett
C_6350,Lauren Hoover
C_6351,Rachel Perez
C_6352,Scott Best
C_6353,Charles Harris
C_6354,Amanda Taylor
C_6355,Laura Thompson
C_6356,Paul Briggs
C_6357,Pamela Evans
C_6358,Joseph Wilson
C_6359,Eric Hall
C_636,Catherine Sanford
C_6360,Alex Sanders
C_6361,Jared Delacruz
C_6362,Kelsey Hayden
C_6363,Tommy Harris
C_6364,Debbie Ferguson
C_6365,Cameron Alexander
C_6366,Ryan Williams
C_6367,Nicole Adams
C_6368,Jennifer Gutierrez
C_6369,Jordan Contreras
C_637,Jason Montoya
C_6370,Shaun Lara
C_6371,Cole Berger
C_6372,Ronald Valenzuela
C_6373,Mark Acosta
C_6374,Rhonda Kerr
C_6375,Krystal Norris
C_6376,Ariana Huerta
C_6377,Dawn Harris
C_6378,Daniel Rowe
C_6379,Kelly Christian
C_638,Mark Richards
C_6380,Melissa Phillips
C_6381,Jodi Mora
C_6382,Teresa Curry MD
C_6383,Lynn Jackson
C_6384,Jennifer Rhodes
C_6385,Daniel Collins
C_6386,David Rivera
C_6387,Heather Bernard DDS
C_6388,Alyssa Reyes
C_6389,Kimberly Goodwin
C_639,Jason Ray
C_6390,Andrew Hall
C_6391,James Russell
C_6392,Manuel Moreno
C_6393,Kimberly Roberson
C_6394,David Hurst
C_6395,Thomas Hunter
C_6396,Margaret Smith
C_6397,Jeffrey Johnson
C_6398,Travis Nash
C_6399,James Lewis
C_64,Kendra Little
C_640,Roy Allen
C_6400,Caleb Medina
C_6401,Mrs. Debbie Smith
C_6402,Chad Nelson
C_6403,Frank Hernandez
C_6404,Jerry Brown
C_6405,Emma Keith
C_6406,Jeanette Kane
C_6407,Michael Lam
C_6408,Michael Schmidt MD
C_6409,Mackenzie West
C_641,Jose Johnson
C_6410,Ryan Cordova
C_6411,Sonya Cunningham
C_6412,Gary Holmes
C_6413,Melanie Houston
C_6414,James Adams
C_6415,Charles Galvan
C_6416,James Wright
C_6417,Alexis Tran
C_6418,Victoria Ortega
C_6419,Christina Long
C_642,Melissa Humphrey
C_6420,Kristen Dean
C_6421,Katelyn Tucker
C_6422,Alicia Kennedy
C_6423,Tasha Bell
C_6424,Thomas Patterson
C_6425,Mark Adams
C_6426,Lisa Yates
C_6427,Brian Odom
C_6428,Chad Lloyd
C_6429,Susan Hunter
C_643,Bryan Riley
C_6430,Cassandra Rodriguez
C_6431,Lynn Owens
C_6432,David Vargas
C_6433,Nicole Cox
C_6434,Brett Cain
C_6435,Cindy White
C_6436,Carl Ford
C_6437,Melissa Hamilton
C_6438,Regina Jones
C_6439,Lisa Brooks
C_644,Cynthia Spencer
C_6440,Douglas Aguirre
C_6441,Stephanie Murray
C_6442,Nicholas Barrett
C_6443,Kelly Lewis
C_6444,Alan Lopez
C_6445,Samantha Mills
C_6446,Mr. John Robinson
C_6447,Mikayla Johnson
C_6448,Jessica Wilkinson DDS
C_6449,Amanda Wells
C_645,Leslie Andersen
C_6450,Christina Burns
C_6451,Andrew Rogers
C_6452,Anita Flores
C_6453,Maria Callahan
C_6454,Kayla Smith
C_6455,Diana Anderson
C_6456,Brian Lee
C_6457,Katie Wilson
C_6458,Raymond Reeves
C_6459,Stephanie Mcdaniel
C_646,Roy Jackson
C_6460,Derrick Cooper
C_6461,Alan Dominguez
C_6462,Michele Mitchell
C_6463,Scott Medina
C_6464,Kevin Rogers
C_6465,Daisy Summers
C_6466,Scott Fry
C_6467,James Preston
C_6468,Douglas Alexander
C_6469,Michelle Morgan
C_647,Tanner Foley
C_6470,Jeffrey Robles
C_6471,Chloe James
C_6472,Rachel Turner
C_6473,Christopher Mayer
C_6474,Christopher Castillo
C_6475,Sophia Stokes
C_6476,Michael Hayes
C_6477,Krystal Shaffer
C_6478,Jennifer Carter
C_6479,Tyler Hoover
C_648,Trevor Roach
C_6480,Ashley Robertson
C_6481,Larry Brown
C_6482,Margaret Jordan
C_6483,Casey Andrews
C_6484,John Bennett
C_6485,Brandon Cohen
C_6486,Glenn Bell
C_6487,Kathleen Day
C_6488,Mackenzie Cook
C_6489,Joseph Gomez
C_649,Jacob Williams
C_6490,Paul Cobb
C_6491,Ryan Wright
C_6492,Johnny Moreno
C_6493,Sherry Mcgrath
C_6494,Alexis Scott
C_6495,Melissa Morse
C_6496,Carla Taylor
C_6497,Thomas Keller
C_6498,Angela White
C_6499,Toni Morgan
C_65,Emily Smith
C_650,Todd Miller
C_6500,Ashley Young
C_6501,Keith Buchanan
C_6502,Victoria Bright
C_6503,Michael Cuevas
C_6504,Richard Odonnell
C_6505,Rachel Wilson
C_6506,Joseph Roberts
C_6507,Felicia Allen
C_6508,Misty Williams
C_6509,Michael Raymond
C_651,Kyle Peterson
C_6510,Patrick Gordon
C_6511,Anne Miller
C_6512,Charlotte Booker
C_6513,Benjamin Thornton
C_6514,William Kelly
C_6515,Rachel Mcdaniel
C_6516,Rachel Walsh
C_6517,Kevin Smith
C_6518,Charles Mitchell
C_6519,Mary Holt
C_652,Breanna Powell
C_6520,Mark Hahn
C_6521,Karen Edwards
C_6522,Kathleen Copeland
C_6523,Richard Dixon
C_6524,Lisa Williams
C_6525,Carl Peck
C_6526,Randall Mays
C_6527,Scott Barnes
C_6528,Jeffrey Murray
C_6529,Alison Oconnor
C_653,Patrick Kim
C_6530,Desiree Scott
C_6531,Heather Fox
C_6532,Charles Levy
C_6533,Renee Garrison
C_6534,Jeffrey Petty
C_6535,Alexander Smith
C_6536,Jessica Chavez
C_6537,Regina Hawkins
C_6538,Abigail Castillo
C_6539,Diane Nash
C_654,Jonathan Dunlap
C_6540,Jody Kemp
C_6541,Nathan Martin
C_6542,Julie Hayden
C_6543,Mitchell Ruiz
C_6544,Taylor Adkins
C_6545,Nicole Hunt
C_6546,William Hughes
C_6547,Molly Sanders
C_6548,Kristin Weaver
C_6549,Shane Berg
C_655,Dr. Angel Sherman
C_6550,George King
C_6551,Angela Miller
C_6552,Rebecca Lam
C_6553,Christine Rivera
C_6554,Alyssa Jackson
C_6555,Alicia Walker
C_6556,Sean Walters
C_6557,Linda Johnson
C_6558,Erin Murphy
C_6559,Ms. Mallory Roberts MD
C_656,David Nelson
C_6560,Caitlin Guerrero
C_6561,Dennis Bell
C_6562,Barbara Crosby
C_6563,Stephanie King DDS
C_6564,Steve Buck
C_6565,Sabrina Chavez
C_6566,John Houston DDS
C_6567,Grant Green
C_6568,Carrie Watkins
C_6569,Jennifer Taylor
C_657,Monica Cross
C_6570,Jon Williams
C_6571,Jennifer Hawkins
C_6572,Richard Adams
C_6573,Debbie Shelton
C_6574,Dustin Young
C_6575,Samantha Cook
C_6576,Mark Meyers
C_6577,Diana Walker
C_6578,Christopher Mccormick
C_6579,Brian Reyes
C_658,Thomas Russo
C_6580,Mrs. Elaine Fox
C_6581,Laura Morris
C_6582,Nicole Anderson
C_6583,Tina Koch
C_6584,Jason Green
C_6585,Rebecca Rosales
C_6586,Mallory Taylor
C_6587,John Mann
C_6588,Kirsten Green
C_6589,Mr. David King
C_659,Gregory Hoover
C_6590,Kristin Miller
C_6591,Carol Parker
C_6592,Jeremy Cruz
C_6593,Ryan Aguirre
C_6594,Ashley Caldwell
C_6595,Sarah Hernandez
C_6596,Daniel Hull
C_6597,Mrs. Erin Garrett
C_6598,Laura Smith
C_6599,Charlotte Werner
C_66,Tammy Jones
C_660,Danielle Mcbride
C_6600,Tina Johnson
C_6601,Henry Henderson
C_6602,Amy Morton
C_6603,Jeremy Jones
C_6604,Taylor Palmer
C_6605,David Murphy
C_6606,Jeffrey Hendricks
C_6607,Joshua Lopez
C_6608,Kelly Terrell
C_6609,Dr. Kevin Wood
C_661,Sarah Anderson
C_6610,Kathleen Phillips
C_6611,Lindsay Pruitt
C_6612,Lauren Hernandez
C_6613,Brian Cochran
C_6614,Dawn Warren
C_6615,Elizabeth Hernandez
C_6616,Donald Chavez
C_6617,David Casey
C_6618,Mr. Charles Cabrera Jr.
C_6619,Miguel Snyder
C_662,Laura Chen
C_6620,Cheryl Macdonald
C_6621,Oscar Bryant
C_6622,James Rodgers
C_6623,David Hendricks
C_6624,Rachel Bruce
C_6625,Debra Spears
C_6626,Charles Beck
C_6627,Patricia Bailey
C_6628,Jeffrey Ponce
C_6629,Laurie Pugh
C_663,Calvin Velazquez
C_6630,Kenneth Daniels
C_6631,Dr. Maureen Gibbs
C_6632,Susan Lee
C_6633,Alejandro Reese
C_6634,Darlene Bell
C_6635,Stacy Brown
C_6636,Nicole Cook
C_6637,Charles Phillips
C_6638,Diana Johnson
C_6639,Andrew Mckinney DVM
C_664,Daniel Wells
C_6640,Amanda Anderson
C_6641,Billy Johnston
C_6642,Catherine Duarte
C_6643,Bobby Walker
C_6644,Melissa Scott
C_6645,Michael Dominguez
C_6646,Frances Johnson
C_6647,Dr. Maria Rojas
C_6648,Heather Miller
C_6649,Chelsea Tucker
C_665,Mary Smith
C_6650,Erik Booth
C_6651,Christopher Schultz
C_6652,Jose Freeman
C_6653,Jennifer Medina
C_6654,Heather Smith
C_6655,Susan Odom
C_6656,Blake Baker
C_6657,Lee Smith
C_6658,Robert Stewart
C_6659,Mr. Zachary Patel Jr.
C_666,Randy Gillespie
C_6660,Javier Morris
C_6661,Marc Gonzalez
C_6662,Jacob Armstrong
C_6663,Ebony Schroeder
C_6664,Andrew Hughes
C_6665,Donna Cantrell
C_6666,Melissa Gonzales
C_6667,Taylor Wright
C_6668,Sarah Morris
C_6669,Stephanie Bruce
C_667,David Garcia
C_6670,Nicholas Allison
C_6671,Heather Allen
C_6672,Samantha Moran
C_6673,Anne Dyer
C_6674,Dakota Mckinney
C_6675,Nicole Peterson
C_6676,Rachel Walker
C_6677,Adam Norton
C_6678,Dylan Shaw
C_6679,Christopher Howard
C_668,Phyllis Perry
C_6680,Benjamin Black
C_6681,Claire Arellano
C_6682,Matthew Briggs
C_6683,Timothy Richards
C_6684,Thomas Hendrix
C_6685,Laura Rodriguez
C_6686,Shawn Curtis
C_6687,Jeffrey Harvey
C_6688,Joshua Klein
C_6689,Matthew Smith
C_669,Tracy Christian
C_6690,Linda Brown
C_6691,Mr. Corey Le
C_6692,Rachel Holt
C_6693,Marvin Chen
C_6694,Samuel Garcia
C_6695,Tammy Foley
C_6696,Peter King
C_6697,Bryan Cline
C_6698,Marissa Villarreal
C_6699,Lauren Thomas
C_67,Shaun Smith
C_670,Linda Perkins
C_6700,Sonia Hicks
C_6701,Dr. Rhonda Mccarty MD
C_6702,Melissa Manning
C_6703,Ethan Miller
C_6704,Jennifer Mckinney
C_6705,Megan Wallace
C_6706,Norman Austin
C_6707,Brady Shelton
C_6708,Angel Buchanan
C_6709,Kimberly Bird
C_671,Alex Jones
C_6710,James Gray
C_6711,Christopher Mcdonald
C_6712,Michelle Nguyen
C_6713,Hannah Hall
C_6714,Ashley Hart
C_6715,Matthew Kaiser
C_6716,Carrie Williams
C_6717,Suzanne Jones
C_6718,Julie Alvarez
C_6719,Abigail Greene
C_672,Melissa Hansen
C_6720,Maria Watts
C_6721,Holly Johnson
C_6722,James Fry
C_6723,Stephanie Lewis
C_6724,Chad Lee
C_6725,Beth Burke
C_6726,Susan Nguyen
C_6727,Bradley Vargas
C_6728,Darrell King
C_6729,Kevin Robinson
C_673,Heather Yang
C_6730,Mrs. Tonya Garcia
C_6731,Antonio Stevens
C_6732,Jeffrey Hays
C_6733,Katie Castro
C_6734,Daniel Jackson
C_6735,April Maddox
C_6736,Paul Marshall
C_6737,Dustin Hayden
C_6738,Emily Jones
C_6739,Timothy Boyer
C_674,Joel Yates
C_6740,Erika Gibson
C_6741,Michelle Powell
C_6742,Jessica Gibson
C_6743,David Chandler
C_6744,Brittany Morris
C_6745,Teresa Campbell
C_6746,Ryan Parker
C_6747,Mary Gonzales
C_6748,Rachel Ferguson
C_6749,Debbie Adams
C_675,Gina Kline
C_6750,Sandra Lee
C_6751,Joseph Morgan
C_6752,Mason Campbell
C_6753,Cassandra Cordova
C_6754,Cynthia Smith
C_6755,Logan Gilbert
C_6756,Kristopher King
C_6757,Tina Mckinney
C_6758,Alison Mitchell
C_6759,Austin Ali
C_676,Cheryl Keller
C_6760,Mason Palmer
C_6761,Victoria Coleman
C_6762,Jonathan Black
C_6763,Elizabeth Oneal
C_6764,Miss Lisa Leach DVM
C_6765,Christine Fox
C_6766,Kristin Adams
C_6767,Mark Chase
C_6768,Kathryn Smith
C_6769,Anne Caldwell
C_677,Jacob Herrera
C_6770,Jessica Ho
C_6771,James Murray
C_6772,Christopher Friedman
C_6773,Alejandro Diaz
C_6774,Heather Mueller
C_6775,Nancy Shaffer
C_6776,Gregory Perez
C_6777,James Jensen
C_6778,Keith Wells
C_6779,Jody Ware
C_678,Anthony Lee
C_6780,Teresa Hawkins
C_6781,Erik Navarro
C_6782,Eric Moore
C_6783,Rachel Wood
C_6784,Gerald Ramirez
C_6785,Olivia Vang
C_6786,William Robinson
C_6787,Michael Marks
C_6788,Hannah Howard
C_6789,Kendra Sullivan
C_679,Jordan Skinner
C_6790,Randy Curtis
C_6791,Thomas Mata
C_6792,Jennifer Garcia
C_6793,Michelle Rodriguez
C_6794,Richard Allen
C_6795,Sarah Wright
C_6796,Stephanie Sanders
C_6797,Debra Holland
C_6798,Amber Peters
C_6799,Amy Ramirez
C_68,Curtis Armstrong
C_680,Jamie Anthony
C_6800,Ashley Nelson
C_6801,Phyllis Smith
C_6802,Stacy Schmidt
C_6803,Kristin Sutton
C_6804,Theresa Moore
C_6805,Kenneth Huynh
C_6806,Ryan Weber
C_6807,Curtis Dunn
C_6808,Joel Robinson
C_6809,Debra Snyder
C_681,Mary Bauer
C_6810,Christian Parker
C_6811,Kevin Gutierrez
C_6812,Ms. Virginia Pena MD
C_6813,Monica Booker
C_6814,James Vazquez
C_6815,Kathleen Brown
C_6816,Samantha Bowman
C_6817,Theresa Mcdonald
C_6818,Nicole Hughes
C_6819,Mark Gibson
C_682,Kenneth Aguirre
C_6820,John Coleman
C_6821,Emily West
C_6822,Bonnie Hammond
C_6823,Jason Taylor
C_6824,William Randolph
C_6825,Julie Cook
C_6826,Chad Holden
C_6827,Michelle Villegas
C_6828,Robert Carroll
C_6829,Heather Jones
C_683,Terri Carroll
C_6830,Nancy Cruz
C_6831,Catherine Moore
C_6832,Michael Buckley
C_6833,John Alvarado
C_6834,Vincent Bush
C_6835,Charles Gray
C_6836,Lee Brown
C_6837,Nicole Blanchard
C_6838,Ronald Clark Jr.
C_6839,James Stephens
C_684,Nicole Mercado
C_6840,Madeline Reese
C_6841,Daniel Hodges
C_6842,Michael Thomas
C_6843,Susan Gutierrez
C_6844,Kevin Caldwell
C_6845,Nicole Harmon
C_6846,Jessica Woods
C_6847,Vanessa Wood
C_6848,Lindsey Waters
C_6849,Emma Murphy
C_685,Jessica Brown
C_6850,Jackson Molina
C_6851,Mary Rich
C_6852,Christine Phillips
C_6853,Robert Frazier
C_6854,Thomas Brown
C_6855,Elizabeth Lewis
C_6856,Elizabeth Martinez
C_6857,Jonathan Schaefer
C_6858,Brandon Mcdaniel
C_6859,Alexander Abbott
C_686,Charles Zimmerman
C_6860,Bryan Miller
C_6861,Jennifer Cole
C_6862,Michelle Bruce
C_6863,Jasmine White
C_6864,Douglas Turner
C_6865,Sheri Houston
C_6866,Amber Livingston
C_6867,Mary Thompson
C_6868,Tara Hodge
C_6869,Darlene Williamson
C_687,Todd Cooper
C_6870,Michael Bowen
C_6871,David Anderson
C_6872,Elaine Jones
C_6873,Alexander Carr
C_6874,Heather Greene
C_6875,Cesar Anderson
C_6876,Mark Murphy
C_6877,Rebecca Williams
C_6878,Matthew Young
C_6879,Sandra Lopez
C_688,Kathleen Thompson
C_6880,Nancy Howell
C_6881,Robert Lopez
C_6882,Jennifer Rodriguez
C_6883,Jose Robles
C_6884,Jennifer Chen
C_6885,Jerry Freeman
C_6886,Shawn Taylor
C_6887,Nicholas Matthews
C_6888,Antonio Chang
C_6889,Alison Miller DVM
C_689,Matthew Meyer
C_6890,Elizabeth Schaefer
C_6891,Kimberly Rodriguez
C_6892,Diana Gutierrez
C_6893,Scott Phillips
C_6894,Juan Diaz
C_6895,Emily Kramer
C_6896,Jared Stephens
C_6897,Alyssa Caldwell
C_6898,Rodney Medina
C_6899,Aaron Jackson
C_69,Andrew Juarez
C_690,David Hernandez
C_6900,Jonathan Porter
C_6901,Christopher Sims
C_6902,Robert Middleton
C_6903,Ann Golden
C_6904,Robin Clark
C_6905,Ian Brady
C_6906,Hannah Garcia
C_6907,Brian Roman
C_6908,Kevin Diaz
C_6909,Evan Wilson
C_691,Cynthia Stout
C_6910,William Ortiz
C_6911,Wesley Davidson
C_6912,Thomas Burns
C_6913,William Burns
C_6914,Brandon Short
C_6915,William Edwards
C_6916,Aaron Ortiz
C_6917,Patrick Rhodes
C_6918,Jessica Stone
C_6919,Katrina Rowland
C_692,Logan Davis
C_6920,Catherine Pena
C_6921,Jennifer Miller
C_6922,Wendy Evans
C_6923,Christine Rogers
C_6924,Ryan Hamilton
C_6925,Luis Page
C_6926,Anthony Coleman
C_6927,Carrie Bryant
C_6928,John Hart
C_6929,John Ramirez
C_693,Alan Gonzalez
C_6930,Rose Cannon
C_6931,Amanda Robertson
C_6932,Michael Ruiz
C_6933,David Gill
C_6934,Manuel Wilson
C_6935,Dylan Lawrence
C_6936,Thomas Reyes
C_6937,Lisa Johnson
C_6938,Richard Smith
C_6939,Matthew Pugh
C_694,Brandon Frazier
C_6940,Jeffrey Curry
C_6941,Manuel White
C_6942,Jeffrey Perez
C_6943,Ashlee Lopez
C_6944,Alexis White
C_6945,Brooke Harper
C_6946,Jeffrey Harris
C_6947,Jeffrey Garcia
C_6948,Donald Lane
C_6949,Matthew Thomas
C_695,Chris Martinez
C_6950,Charles Whitaker
C_6951,Rachel Smith
C_6952,Michael Henson
C_6953,Brittany Gates
C_6954,Kevin Harrison
C_6955,Barbara Goodman
C_6956,Charlotte Reynolds
C_6957,Melissa Swanson
C_6958,Cassie Sparks
C_6959,Cindy Ballard
C_696,Kimberly Reeves
C_6960,Robert Brown
C_6961,Sarah Palmer
C_6962,Samantha Carpenter
C_6963,Holly Castillo
C_6964,Emily Harper
C_6965,Leon Murray
C_6966,Alexis Graves
C_6967,Michael Burton
C_6968,Donald Ramirez
C_6969,Keith Garcia
C_697,Laura Thompson
C_6970,Kelly Elliott
C_6971,Karen Conley
C_6972,Austin Salazar
C_6973,Kyle Larsen
C_6974,Courtney Reed
C_6975,James Russell
C_6976,Connor Edwards
C_6977,Sherry Thompson
C_6978,Michael Adams
C_6979,Lori Davis
C_698,Sara Santiago
C_6980,Kylie Williams
C_6981,Erica Scott
C_6982,Anthony Patterson
C_6983,Ryan James
C_6984,Jennifer Mora
C_6985,Meghan Cross
C_6986,Heather Hart
C_6987,Victoria Bell
C_6988,Derek Campbell
C_6989,Nichole Nguyen
C_699,Shannon Nash
C_6990,Shannon Rollins
C_6991,Michael Knapp
C_6992,Shawn Porter
C_6993,Brittany Ward
C_6994,Dawn Jones
C_6995,Ashley Chan
C_6996,Cynthia Foster
C_6997,Joseph Bartlett
C_6998,Richard Torres
C_6999,Vanessa Rodriguez
C_7,Darlene Hayes
C_70,Melody Vega
C_700,Jenna Horton
C_7000,Richard Rogers
C_7001,Stephen Benson
C_7002,Joseph Harris
C_7003,Scott Green
C_7004,Gary Porter
C_7005,Daniel Wells
C_7006,John Alvarez
C_7007,Candice Banks
C_7008,Christina Brown
C_7009,Mary Morgan
C_701,Travis Holmes
C_7010,Mrs. Emily Ramirez
C_7011,Yvonne Cook
C_7012,Anne Jenkins
C_7013,Erika Bailey
C_7014,Madison Lee
C_7015,Stacy Lopez
C_7016,Brendan Hernandez
C_7017,Tiffany Phillips
C_7018,Jeffrey Brooks
C_7019,Matthew Sanchez
C_702,Dave Martin
C_7020,Melissa Molina
C_7021,Christopher Parsons
C_7022,Destiny Ruiz
C_7023,Erik Peterson
C_7024,Megan Peterson
C_7025,Mr. Dale Smith DDS
C_7026,Emily Sanders
C_7027,Andrew Pearson
C_7028,Sarah Allen
C_7029,Ronald Larson
C_703,Madison Reyes
C_7030,Dawn Pace
C_7031,Kathleen Knight
C_7032,Cindy Flores
C_7033,Catherine Bruce
C_7034,Patrick Huang
C_7035,Johnny Castillo
C_7036,Cesar Berry
C_7037,Keith Richards
C_7038,Michaela Collins
C_7039,Gina Hawkins
C_704,Brittany Madden
C_7040,Nichole Griffin
C_7041,Jeanette Jordan
C_7042,Kyle Keith
C_7043,Jason Jones DDS
C_7044,Tara Scott
C_7045,Matthew Holmes
C_7046,Charles Phelps
C_7047,John Harris
C_7048,David Fox
C_7049,Erin Carter
C_705,Cynthia Smith
C_7050,Amy Herman
C_7051,Stephanie Anthony
C_7052,Gabriel Jones
C_7053,Christopher Moore
C_7054,Jennifer Barrett MD
C_7055,Patrick Rowland
C_7056,Rodney Marshall
C_7057,Jerry Ford
C_7058,Miguel Ward
C_7059,Susan Scott
C_706,John Lopez
C_7060,Cory Young
C_7061,Alexis Smith
C_7062,Sean Jones
C_7063,Steven Morales
C_7064,Kyle Reed
C_7065,Alex Peterson
C_7066,William Brady
C_7067,Todd Garrett
C_7068,Sarah Garcia
C_7069,Tony Davis
C_707,Joshua Stevens
C_7070,Nicole Horne
C_7071,Michael Mitchell
C_7072,Mary Manning
C_7073,Sarah Hunter
C_7074,Matthew Jordan
C_7075,Rodney Wright
C_7076,Dustin Nunez
C_7077,Michael Weiss
C_7078,Matthew Russell
C_7079,Hector Farrell
C_708,Mr. Lee Rodriguez PhD
C_7080,Dillon Carlson
C_7081,Michael Green
C_7082,Christopher Kelley
C_7083,Kevin Baxter
C_7084,Jennifer Lynch
C_7085,Wanda Charles
C_7086,Whitney White
C_7087,Dr. Emily Anderson
C_7088,Stephen Jones
C_7089,David Bridges
C_709,Yesenia Wilson
C_7090,Michael Watson
C_7091,Gary Brown
C_7092,Adriana Montgomery
C_7093,Anna Moore
C_7094,Linda Shepherd
C_7095,David Moore
C_7096,Jenny Smith
C_7097,Deanna Pierce
C_7098,Kristina Rodriguez
C_7099,James Roman
C_71,Tyler Richardson
C_710,Tiffany Davis
C_7100,Diana Walsh
C_7101,Ashley Ramos
C_7102,Jeffery Rojas
C_7103,Krista Thompson DVM
C_7104,Toni Nash
C_7105,Stefanie Bradley
C_7106,Jose Moore
C_7107,Vincent Kennedy
C_7108,Alicia Smith
C_7109,William Maddox
C_711,Stephen Fischer
C_7110,Margaret Davis
C_7111,Keith Stephenson
C_7112,Aaron Sullivan
C_7113,Jose Brooks
C_7114,Elizabeth Cook
C_7115,Rebecca Bowman
C_7116,Robert Rivera
C_7117,Jessica Kim
C_7118,Bryan Castillo
C_7119,Timothy Soto
C_712,Sandra Wright
C_7120,Denise Young
C_7121,Courtney Fleming
C_7122,Ms. Nancy Rojas
C_7123,Ian Stafford
C_7124,Jesus Hopkins
C_7125,Marcus Love
C_7126,Dr. Devin Poole
C_7127,Beth Williams
C_7128,Patrick Andrews
C_7129,Melissa Kelly
C_713,Matthew Donovan
C_7130,Toni Johnson
C_7131,Mrs. Lindsay Williams
C_7132,Patrick Parker
C_7133,David Wolfe
C_7134,Edward Butler
C_7135,Ms. Diana Jordan MD
C_7136,Jaclyn Brooks
C_7137,Casey Nelson
C_7138,Elizabeth Thomas
C_7139,Dakota Clay
C_714,Lindsey Reynolds
C_7140,Barry King
C_7141,Lori Williams
C_7142,Gary Austin
C_7143,Ethan Smith
C_7144,Janet Edwards
C_7145,Megan Davidson
C_7146,Joseph Foley
C_7147,Sarah Lopez
C_7148,Brittney Bradford
C_7149,Tina Vargas
C_715,Shawn Powell
C_7150,Meagan Cooper
C_7151,Norma Bryant
C_7152,Alexis Simon
C_7153,Brian Price
C_7154,Omar Mcmillan
C_7155,Margaret Robinson
C_7156,Timothy Craig
C_7157,Dr. Ronald Murillo
C_7158,Glen Nelson
C_7159,Amber Alvarez
C_716,Nathan Lopez
C_7160,Jeffrey Cunningham
C_7161,Justin Powell
C_7162,Michael Gonzalez
C_7163,Joshua Adams
C_7164,Edward Hayes DDS
C_7165,Jennifer Craig
C_7166,Beth Black
C_7167,Sandra Jones
C_7168,Rachel Adams
C_7169,Anthony Peterson
C_717,James Tran
C_7170,Lori Mcdowell
C_7171,Sean Campbell
C_7172,Angela Anderson
C_7173,Russell Williams
C_7174,April Brown
C_7175,Dalton Hayes
C_7176,Michael Rojas
C_7177,Barbara Bell
C_7178,Amber Crawford
C_7179,Barry Rowe
C_718,Lindsey Foster
C_7180,Brandon Cruz
C_7181,David Ellison
C_7182,Alvin Ayala
C_7183,Samuel Lloyd
C_7184,Katelyn Johnston
C_7185,Timothy Randolph
C_7186,Brenda Bell
C_7187,Gary Esparza
C_7188,John Miller
C_7189,Debbie Cole
C_719,David Matthews
C_7190,Miranda Murphy
C_7191,Heather Douglas
C_7192,Jose Oconnor
C_7193,Brandon Pham
C_7194,Nicholas Morris
C_7195,Pamela Wheeler
C_7196,Jacob Gibson
C_7197,Ricky Kirby
C_7198,Jacob Cole
C_7199,Dana Stone
C_72,William Stanley
C_720,Roger Thompson
C_7200,Sonya Carter
C_7201,Angela Murray
C_7202,William Flowers
C_7203,Jessica Chapman
C_7204,Connie Smith
C_7205,Samantha Butler
C_7206,Wayne Ortiz
C_7207,Mary Yates
C_7208,Ryan Brown
C_7209,Michele Roman
C_721,Tammy Stewart DVM
C_7210,Ashley Mitchell
C_7211,Matthew Sampson
C_7212,Toni Mathis
C_7213,Joseph Rivera
C_7214,Morgan Robinson
C_7215,Caitlin Hernandez
C_7216,Kiara Smith
C_7217,Amanda Evans
C_7218,Michael Robertson
C_7219,Tony Garcia
C_722,Dr. Christopher Gutierrez MD
C_7220,Jason Lawrence
C_7221,Luis Thomas
C_7222,Mrs. Michelle Alexander
C_7223,Kyle Ewing
C_7224,Jessica Mcdonald MD
C_7225,Jason Ward
C_7226,Erik Kim
C_7227,Richard Young
C_7228,Sharon Rangel
C_7229,Dwayne Jenkins
C_723,Deborah Reed
C_7230,Ricky Lopez
C_7231,Wesley Simon
C_7232,Kimberly Stevens
C_7233,Jennifer Smith
C_7234,Jasmine Hernandez
C_7235,Kelsey Schultz
C_7236,Kathy Salas
C_7237,Randy Gibson
C_7238,Olivia Lewis
C_7239,William Mooney
C_724,John Dunn
C_7240,Anne Jones
C_7241,Rachel Holder
C_7242,Melvin Bowers
C_7243,Erin Hayden
C_7244,Amber Schwartz
C_7245,Scott Stanley
C_7246,Taylor Noble
C_7247,John Vasquez
C_7248,Mrs. Deanna Anderson
C_7249,Jamie Allen
C_725,Edward Colon
C_7250,Tony Durham
C_7251,Sarah Lester
C_7252,Frank Martin
C_7253,Christopher Jackson
C_7254,Samantha Blackburn
C_7255,Dr. Rebecca Hammond
C_7256,Mary Kidd
C_7257,Darlene Valdez
C_7258,Matthew Nguyen
C_7259,Rebecca Sexton
C_726,Emily Campbell
C_7260,Hunter Cox
C_7261,Susan Austin
C_7262,Lindsey Moore
C_7263,Barry Doyle
C_7264,Christopher Murray
C_7265,Allison Jordan
C_7266,Jeffrey Adams
C_7267,Regina Franklin
C_7268,John Green
C_7269,Regina Marshall
C_727,Bruce Hall
C_7270,Mr. Dustin Fischer MD
C_7271,Kathryn Ray
C_7272,Carolyn Clark
C_7273,Andre Farrell
C_7274,Ashley Rodriguez
C_7275,Lori Hahn
C_7276,Diane Martin
C_7277,William Reynolds
C_7278,Russell Miller
C_7279,Charlotte Walker
C_728,Natalie Hickman
C_7280,Sheena Vang
C_7281,Joseph Lewis
C_7282,Christy Berry
C_7283,Phillip James
C_7284,Jeff Brown
C_7285,Mr. Brandon Taylor
C_7286,Tiffany Peters
C_7287,Mary Thomas
C_7288,Nicole Castillo
C_7289,Jennifer Ellis
C_729,Jennifer Wilson
C_7290,David Jackson
C_7291,Jeffrey Miller
C_7292,Susan Quinn
C_7293,Phillip Yang
C_7294,Gabriel Conrad
C_7295,Scott Hicks
C_7296,John Rodriguez
C_7297,Jimmy Glover
C_7298,Dennis Anderson
C_7299,Joanne Fleming
C_73,Erin Barnes
C_730,Mary Harmon
C_7300,Brandon Owens
C_7301,Curtis Moon
C_7302,Dr. Wanda Ellis MD
C_7303,Austin Knox
C_7304,Anna Savage
C_7305,Noah Parker
C_7306,Joel Pena
C_7307,Danielle Dalton
C_7308,John Cook
C_7309,Todd Johnson
C_731,Juan Lewis
C_7310,Barry Grant
C_7311,Malik Miranda
C_7312,Jeremy Wallace
C_7313,Crystal Gilbert
C_7314,Donna West
C_7315,Kristi Thompson
C_7316,Jessica Soto
C_7317,Tamara Scott
C_7318,Joseph Fisher
C_7319,Matthew Moran
C_732,Kevin Mullins
C_7320,Brad Fields
C_7321,Angela Frederick
C_7322,Carl Grant
C_7323,Rachel Dennis PhD
C_7324,Elizabeth Yoder
C_7325,Michael Hernandez
C_7326,Kimberly Mullins
C_7327,Alexis Thomas
C_7328,Janet Harris
C_7329,Gary Norris
C_733,Joshua Ramirez
C_7330,Jose Simmons
C_7331,Theresa Smith
C_7332,Kara Bond
C_7333,Dustin Phillips
C_7334,Colin Martin
C_7335,Sheryl James
C_7336,Emily Thomas
C_7337,Jennifer Clark
C_7338,Edward Jackson
C_7339,Wendy Burns
C_734,Whitney Bryant
C_7340,Jennifer Massey
C_7341,Elizabeth Simmons MD
C_7342,James Green
C_7343,Joseph Lee
C_7344,Calvin Bryant
C_7345,Courtney Ward
C_7346,Rachael Daniels
C_7347,Ashley Ramos
C_7348,Frederick Pierce MD
C_7349,Ryan Downs
C_735,Amanda Meyer
C_7350,Caitlyn Jones
C_7351,Patricia Jenkins
C_7352,Randall White
C_7353,Daniel Haynes
C_7354,Todd Nunez
C_7355,Sarah Beard
C_7356,Diane Young
C_7357,Thomas Harris
C_7358,John Davis
C_7359,Laura Johnson
C_736,Benjamin Smith
C_7360,Casey Lopez
C_7361,Mr. Robert Bishop Jr.
C_7362,Sara Walters
C_7363,Douglas Bowen
C_7364,Kimberly Chapman
C_7365,Juan Burnett
C_7366,Michael Jacobson
C_7367,Melissa Wade
C_7368,Marcus Ramos
C_7369,Nicole Franklin
C_737,Terri Chapman
C_7370,Karen Harris
C_7371,Stephen Cisneros DDS
C_7372,Alexis Manning
C_7373,Mark Campbell
C_7374,Lisa Hayden
C_7375,Gregory Rice
C_7376,Christopher Jones
C_7377,Lisa Bradford
C_7378,Courtney Murphy
C_7379,Mark Holland
C_738,David Mccall
C_7380,Geoffrey Beltran
C_7381,Lisa Christensen
C_7382,Thomas Wallace
C_7383,Larry Reese
C_7384,Bonnie Stafford
C_7385,Paul Ruiz
C_7386,Linda Fuller
C_7387,April Reynolds
C_7388,Jacob Colon
C_7389,Felicia Martinez
C_739,Kyle Williams
C_7390,Alec Howell
C_7391,Deanna Howe
C_7392,Kimberly Griffin
C_7393,Rose Harrison
C_7394,William Burnett
C_7395,Makayla Johnson
C_7396,Corey Jensen
C_7397,Kimberly Brown
C_7398,Erin Sanchez
C_7399,Derek Hampton
C_74,Jordan Morrison
C_740,Maria Morales
C_7400,Virginia Nelson
C_7401,Jose Sosa
C_7402,Kimberly White
C_7403,Ryan Gomez
C_7404,Miguel Martinez
C_7405,Amanda Hunt
C_7406,Daniel Powell
C_7407,Max Robinson
C_7408,Ryan Williams
C_7409,Melinda Carter
C_741,Justin Chapman
C_7410,Sonya West
C_7411,James Phillips
C_7412,Benjamin King
C_7413,Lisa Martin
C_7414,Jacqueline Rich
C_7415,Jeremiah Washington
C_7416,Timothy Carter
C_7417,Charles Black
C_7418,John Baker
C_7419,Elizabeth Lloyd
C_742,Joseph Montgomery
C_7420,Holly Rodriguez
C_7421,Rachel Garcia
C_7422,Brandon Bailey
C_7423,Priscilla Rivera
C_7424,Logan Crawford
C_7425,Jeffrey Barnett
C_7426,Joshua Burns
C_7427,Lynn Webb
C_7428,Valerie Bryant
C_7429,Amber Jackson
C_743,Penny Wood
C_7430,Patricia White
C_7431,Tommy Lewis
C_7432,Lauren Cruz
C_7433,Mary Murray
C_7434,Janet Pena PhD
C_7435,Kenneth Obrien Jr.
C_7436,Monica Brown
C_7437,Ms. Pamela Wagner DDS
C_7438,David Duffy
C_7439,Christopher Flowers
C_744,Steven Reese
C_7440,Curtis Bush
C_7441,Kimberly Davis
C_7442,Matthew Wright
C_7443,Matthew Young
C_7444,Brittany Campos
C_7445,Angela Smith
C_7446,Angela Taylor
C_7447,Casey Peterson MD
C_7448,David Hernandez
C_7449,Gloria Ibarra
C_745,Cathy Hall
C_7450,Lori Patton
C_7451,Ryan Ray
C_7452,Edward Hill
C_7453,Brenda Peterson
C_7454,Andrew Glenn
C_7455,Jeremiah Cook
C_7456,Timothy Rogers
C_7457,Tammy Jones
C_7458,Jennifer Griffin
C_7459,Brooke Johnson
C_746,Christine Kennedy
C_7460,Don Rojas
C_7461,Beth Hurley
C_7462,Tracy Ross
C_7463,Thomas Morris
C_7464,Sarah Johnson
C_7465,Jonathan Singh
C_7466,Sarah Soto
C_7467,Michael Sanchez
C_7468,Crystal Nelson
C_7469,James Wolf
C_747,John Davis
C_7470,Christine Todd
C_7471,Richard Stanley
C_7472,Theresa Hudson
C_7473,Cassidy Smith
C_7474,Aaron Williams
C_7475,Terry Davis
C_7476,Gregory Garrett
C_7477,Robert Bowers
C_7478,Joseph Conley
C_7479,Keith Castaneda
C_748,Rebecca Tucker
C_7480,Lisa Bowman
C_7481,Lindsey Silva
C_7482,Amanda Maynard
C_7483,Zachary Jackson
C_7484,Ashley Blair
C_7485,Carlos Brewer
C_7486,Catherine Harris
C_7487,Scott Hamilton
C_7488,David Johnson
C_7489,Lisa Reed
C_749,Austin Pineda
C_7490,Christopher Duncan
C_7491,Laura Santos
C_7492,Anthony Stanton
C_7493,Courtney Howell
C_7494,Rachel Mathis
C_7495,Kara Vazquez
C_7496,Kevin Martinez
C_7497,Brittany Kennedy
C_7498,William Harris
C_7499,Tina Kemp
C_75,Paul Davenport
C_750,Ronald Harrell
C_7500,Kristen Richardson
C_7501,Joseph Thomas
C_7502,Jeffrey Underwood
C_7503,Jill Richards
C_7504,Justin Gonzalez
C_7505,James Jenkins
C_7506,Latasha Sims
C_7507,Raymond Watson
C_7508,Tom Robbins
C_7509,Richard Becker
C_751,Rebecca Willis
C_7510,Gregory Mitchell
C_7511,Seth Davis
C_7512,James Payne
C_7513,Eric Anderson
C_7514,Kristina Davenport
C_7515,Gary Nichols
C_7516,Nicole Werner
C_7517,Courtney Butler
C_7518,Jason Bond
C_7519,Danielle Mills
C_752,Sharon Beasley
C_7520,Erika Johnson
C_7521,John Garcia
C_7522,Haley Russell
C_7523,Sydney Berry
C_7524,Amy Baxter
C_7525,Natalie Flores
C_7526,Kristi Sanders
C_7527,Jennifer Barker
C_7528,Nicole Hill
C_7529,Susan Hill
C_753,Daniel Daniel
C_7530,Ryan Meyer
C_7531,William Sanchez
C_7532,Lisa Young
C_7533,Jessica Hall
C_7534,Derrick Moore
C_7535,Michael Kim
C_7536,Regina Mcclain
C_7537,Michael Wells
C_7538,Christopher Harris
C_7539,Brady Henry
C_754,Krystal Stephens
C_7540,Eric Cruz
C_7541,Heather Clayton
C_7542,Mary Jackson
C_7543,Amanda Wright
C_7544,Randall Hayes
C_7545,Joel Fisher
C_7546,Phillip Robinson
C_7547,Thomas Charles
C_7548,John Richardson
C_7549,Troy Lee
C_755,Valerie Rocha
C_7550,Thomas Williams
C_7551,Cynthia Pennington
C_7552,Jessica Stone
C_7553,Shawn Graham
C_7554,Katherine Atkinson
C_7555,James Brooks
C_7556,Regina Johnson
C_7557,Melissa Richards
C_7558,Jason Murray
C_7559,Michael Pearson
C_756,Michele Guerrero
C_7560,Rodney Snyder
C_7561,Jesse Harrell
C_7562,Brittany Obrien
C_7563,Kristi Aguirre
C_7564,Toni Parks
C_7565,Margaret Trevino
C_7566,Debra Hughes
C_7567,Michelle Taylor
C_7568,John Mcdaniel
C_7569,Christopher Conrad
C_757,Donna Camacho
C_7570,Douglas Harrison
C_7571,Megan Ford
C_7572,Donald Turner
C_7573,Kenneth Brown
C_7574,Taylor Ross
C_7575,Isaac Sanders
C_7576,David Sanchez
C_7577,Nicole Jones
C_7578,Erin Gomez
C_7579,Travis Peterson
C_758,Jacob Tyler
C_7580,Angel Sampson
C_7581,Olivia Howard
C_7582,Amanda Smith
C_7583,Nicole Parker
C_7584,Amanda Schwartz
C_7585,Nicole Jackson
C_7586,Jessica Sullivan
C_7587,Cathy Thompson
C_7588,Carly Warner
C_7589,Amanda Hanson
C_759,Nicholas Garcia
C_7590,Candice Stewart
C_7591,Lisa Turner
C_7592,Robert Acosta
C_7593,Alexis Clark
C_7594,Heather Hill
C_7595,Monica Fisher
C_7596,Keith Hodges
C_7597,Andrew Turner
C_7598,Joseph Bowers
C_7599,Erika Rhodes
C_76,Jared Hartman
C_760,Tracy Turner
C_7600,Faith Love
C_7601,Andrew Cardenas
C_7602,Stephanie Adams
C_7603,Melissa Perez
C_7604,Lisa Graham
C_7605,Kelly Wright
C_7606,Mary Noble
C_7607,Zachary Ramirez
C_7608,John Gutierrez
C_7609,Theodore Sullivan
C_761,Michael Allen
C_7610,Terry Atkins
C_7611,Gary Hawkins
C_7612,Jamie Pacheco
C_7613,Bill Meyer
C_7614,Tracy Parker
C_7615,Tammy Williams
C_7616,Kimberly Miller
C_7617,Mary Conrad
C_7618,Patrick Martin
C_7619,Sandra Jennings
C_762,Tammy Jordan
C_7620,William Bailey
C_7621,Allison Fuller
C_7622,Loretta Martinez
C_7623,Jenna Chase
C_7624,Mr. Anthony Thomas
C_7625,Michelle Cooper
C_7626,Mrs. Kimberly Cooper
C_7627,Tracy Schultz
C_7628,Ashley Grimes
C_7629,William Anderson
C_763,John Morris
C_7630,Reginald Forbes
C_7631,Austin Hobbs
C_7632,Amy Warren
C_7633,Nicole Williams MD
C_7634,Regina Acevedo
C_7635,Abigail Drake
C_7636,Melissa Whitehead
C_7637,Rebecca Hill
C_7638,Victoria Moore
C_7639,Sarah Smith
C_764,Tara Johnson
C_7640,Daniel Whitaker
C_7641,Michelle Gregory
C_7642,Adam Young
C_7643,Mrs. Nicole Gomez
C_7644,Elizabeth Perry
C_7645,Susan Anderson
C_7646,Kayla Soto
C_7647,Raymond Mccarty
C_7648,Ashley Hines
C_7649,Kimberly Stewart
C_765,Jennifer Serrano
C_7650,Gregory Arnold
C_7651,Brandy Mccarty
C_7652,Charles Thompson
C_7653,Tamara Knapp
C_7654,Jennifer Bailey
C_7655,Logan Nicholson
C_7656,Joseph Stanley
C_7657,Joseph Weber
C_7658,Laura Lowery
C_7659,John Rios
C_766,Devon Smith
C_7660,Alicia Anthony
C_7661,Lauren George
C_7662,Robert Wood
C_7663,Andrew Walker
C_7664,Sarah Kelley
C_7665,Rhonda Stein
C_7666,Amanda Stokes
C_7667,Brooke Davenport
C_7668,Tiffany Acosta
C_7669,David Dunn
C_767,Lisa Owens
C_7670,Andrew Lewis
C_7671,Sandra Allen
C_7672,Michael Duke
C_7673,Ryan Fernandez
C_7674,Edward Mcdonald
C_7675,Marc Andrews
C_7676,Brandi Hall
C_7677,Audrey King DVM
C_7678,Matthew Burke
C_7679,James Russell
C_768,Marcus Moore
C_7680,Cindy Wright
C_7681,Andrew Macias II
C_7682,Christina Allen
C_7683,Keith Guzman
C_7684,John Gilbert
C_7685,Dwayne Turner
C_7686,Christopher Young
C_7687,Barbara Reed
C_7688,Donald Garcia
C_7689,Shannon Martinez
C_769,Garrett Chavez
C_7690,Christopher Wall
C_7691,Luke Leon
C_7692,Kaylee Turner
C_7693,Leah Flowers
C_7694,Ryan Smith Jr.
C_7695,Rick Cervantes
C_7696,Joshua Taylor
C_7697,Lisa Mejia
C_7698,Taylor Keller
C_7699,Donna Smith
C_77,Carla Shah
C_770,Judy Keller
C_7700,Thomas Vargas
C_7701,David Green
C_7702,Veronica Thompson
C_7703,Alexander Castaneda
C_7704,Bruce Brewer
C_7705,Dakota Johnson
C_7706,John Smith
C_7707,Richard Norman
C_7708,Albert Howell
C_7709,Brett Kline
C_771,Stephen Cox
C_7710,Brandon Taylor
C_7711,Frank Kim
C_7712,Wendy Pratt
C_7713,Angela Shepard
C_7714,Timothy Hamilton
C_7715,Todd Sutton
C_7716,Juan Davis
C_7717,Stacey Baker
C_7718,Colleen Wolfe
C_7719,Donald Rodriguez
C_772,David Contreras
C_7720,Amanda Ward
C_7721,Amanda Coleman
C_7722,Tony Rodriguez
C_7723,William Greer
C_7724,Arthur Bailey
C_7725,Alex Montes
C_7726,Mrs. Vickie Hart
C_7727,Joshua Manning
C_7728,Kevin Weber
C_7729,Mark Morris
C_773,Susan Burns
C_7730,Christina Sanchez
C_7731,Aaron Freeman
C_7732,Zachary Daniels
C_7733,Krista Stark
C_7734,Susan Adams
C_7735,Ruben Wright
C_7736,Alexander Brooks
C_7737,Ashley Mccarthy
C_7738,Jeremy Cruz
C_7739,Anna Cole
C_774,Kevin Nielsen
C_7740,Chloe Warner
C_7741,Wayne Hall
C_7742,Amanda Smith
C_7743,Deborah Patton
C_7744,Tracy Alexander
C_7745,Joseph Barron
C_7746,Jeffrey Taylor
C_7747,Paul Golden
C_7748,Willie Douglas
C_7749,Shelley Moore
C_775,George Lopez
C_7750,Michael Hall
C_7751,Miranda Bailey
C_7752,Parker Brown
C_7753,Meghan Gill
C_7754,Kimberly Brewer
C_7755,Tammy Luna
C_7756,Nicholas Nicholson
C_7757,Donald Smith
C_7758,Alan May
C_7759,Michael Brennan
C_776,Jill Parker
C_7760,Cory Cooke
C_7761,Jonathan Taylor
C_7762,Kayla Simmons
C_7763,Sandra Mills
C_7764,William Collins
C_7765,Brandy Griffith
C_7766,William Rush
C_7767,Robert Shelton
C_7768,Ryan Richardson
C_7769,Carlos Foster
C_777,Raymond Shelton
C_7770,Natasha Patrick
C_7771,Sarah Henry
C_7772,Jennifer Douglas
C_7773,Elizabeth Hernandez
C_7774,Linda Martin
C_7775,Jaime Brown
C_7776,Alicia Valenzuela
C_7777,Heather Johnson
C_7778,Bruce West
C_7779,Erica Thompson PhD
C_778,Craig Nielsen
C_7780,Rose Lewis
C_7781,Vanessa Weaver
C_7782,Andrew Roberts
C_7783,Kristina Koch
C_7784,Deborah Miller
C_7785,Juan Dean
C_7786,Amy Thomas
C_7787,Joshua Snow
C_7788,Jeffrey Brown
C_7789,Wendy Daniel
C_779,James Hensley
C_7790,Jeffrey Kelley
C_7791,James Aguirre
C_7792,Katie Joyce
C_7793,Ryan Smith
C_7794,Justin Miller
C_7795,John Mason
C_7796,Julia Cole
C_7797,James Sullivan
C_7798,Noah Johnson
C_7799,Aimee Murphy
C_78,Dawn Bowen
C_780,Jeffrey Bowman
C_7800,Richard Dickson
C_7801,Chloe Garcia
C_7802,Andrea Barnett
C_7803,Tyler Henry
C_7804,Mr. Robert Keller DVM
C_7805,Thomas Burton
C_7806,Shelley Walsh
C_7807,Lindsay Lewis
C_7808,Cathy Gibson
C_7809,Teresa Gibson
C_781,Andrew Ross
C_7810,Erika Washington
C_7811,Paul Forbes
C_7812,Travis Hoffman
C_7813,Dylan Young
C_7814,Karen Wright
C_7815,Anthony Turner
C_7816,Kimberly Martin
C_7817,Travis Brown
C_7818,Kathleen Sanchez
C_7819,Timothy Gonzalez
C_782,Melissa Wong
C_7820,Chelsea Gordon
C_7821,Deborah Mcdaniel
C_7822,Jackie Santiago
C_7823,Michael Bailey
C_7824,Ashley Holloway
C_7825,Angela Murphy
C_7826,Jason Gomez
C_7827,Heather Gay
C_7828,Patricia Blackburn
C_7829,Sandra Wagner
C_783,Taylor Barker
C_7830,Joshua Smith
C_7831,Haley Harvey
C_7832,John Donovan
C_7833,Kevin Huerta
C_7834,Jack Nicholson
C_7835,Catherine Ramirez
C_7836,Emily Lambert
C_7837,Jamie Guzman
C_7838,Lisa Horn
C_7839,David Scott
C_784,Melissa Brown
C_7840,Cody Burch
C_7841,James Harris
C_7842,Stephanie Greene
C_7843,Jose Hanson
C_7844,Robert Gaines
C_7845,Amanda Lozano
C_7846,Kenneth Cole
C_7847,Jacqueline Robertson
C_7848,David Miller
C_7849,Laura Shaw
C_785,Russell Ramirez
C_7850,Christopher Taylor
C_7851,Danielle Smith
C_7852,Stephen Ellison
C_7853,Maria Underwood
C_7854,Christopher Nguyen
C_7855,Robert Spence
C_7856,Catherine Martinez
C_7857,Mr. Jonathan Mendoza
C_7858,Nicole Edwards
C_7859,Glenda Brock
C_786,Stephanie Garcia
C_7860,Michael Nichols
C_7861,Sonya Miller
C_7862,Gina Thomas
C_7863,Tara Smith
C_7864,Stephanie Thompson
C_7865,Robert Ray
C_7866,James Rodriguez
C_7867,Gregory Hess
C_7868,Linda Taylor
C_7869,Jessica Stanley
C_787,Michael Brown
C_7870,John Gregory
C_7871,Charles Johnson
C_7872,Joseph Lopez
C_7873,Tiffany Lewis
C_7874,Matthew Wolf
C_7875,Micheal Tucker
C_7876,Juan Myers
C_7877,Gary Estrada
C_7878,Glenn Ross
C_7879,James Rivers
C_788,Wendy Watkins
C_7880,Sherry Collier
C_7881,Lisa Molina DDS
C_7882,Laura Davis
C_7883,Rebecca Rodriguez
C_7884,Christopher Johnson
C_7885,Brenda Ferguson
C_7886,Charles Barnes
C_7887,Meredith Fields
C_7888,Jasmine Roberts
C_7889,Debra Leonard
C_789,Veronica Brooks
C_7890,Christopher Pacheco
C_7891,Crystal Bennett
C_7892,Roger Hamilton
C_7893,Tommy Drake
C_7894,Christopher Martinez
C_7895,Lisa Blanchard
C_7896,Nathan Hughes
C_7897,Megan Sexton
C_7898,Kyle Smith
C_7899,Julie Reed
C_79,Mark Higgins
C_790,Michaela Brewer
C_7900,Stephen Schmidt
C_7901,Steven Cox
C_7902,Philip Anderson
C_7903,Ashley Cook
C_7904,Mark Lee
C_7905,Kimberly Franklin
C_7906,Blake Garza
C_7907,Chad Henry
C_7908,Stephanie Daniels
C_7909,Christopher Barker
C_791,Laura Pearson
C_7910,Mr. John Bell
C_7911,Anthony Weber
C_7912,Isabel Mendoza
C_7913,Ryan Vazquez
C_7914,Benjamin Chang
C_7915,Teresa Roth
C_7916,Kevin Ray
C_7917,Rebecca Barker
C_7918,Dana Jones
C_7919,Amy Thompson
C_792,John Knox
C_7920,Walter Grimes
C_7921,Holly Delgado
C_7922,Jesse Nelson
C_7923,Kathleen Taylor
C_7924,Sarah Hoffman
C_7925,Mark Kim
C_7926,Danielle Smith
C_7927,David Johnson
C_7928,Maria Campos
C_7929,Melissa Garza
C_793,Jennifer Barron
C_7930,Roger Gillespie
C_7931,John Mack
C_7932,April Rogers
C_7933,Jane Burke
C_7934,Ashley Smith
C_7935,Nicholas Tate
C_7936,Amanda Perez
C_7937,Alyssa Villanueva
C_7938,Alexis Jackson
C_7939,Keith Stanley
C_794,Clayton Leonard
C_7940,Marissa Lawson
C_7941,Emily Armstrong
C_7942,Christopher Hinton
C_7943,Scott Reese
C_7944,Brenda Riddle
C_7945,Lori Mcdonald
C_7946,Melissa Chavez
C_7947,Alicia Morgan
C_7948,Alejandro Freeman
C_7949,Joshua Lawson
C_795,Jeremy Murray
C_7950,Jean Hill
C_7951,Christine Mcclure
C_7952,Chad Payne
C_7953,Jessica Sanders
C_7954,Tony Larsen
C_7955,Hector Beltran
C_7956,Adrian Aguilar
C_7957,Jacob Cunningham
C_7958,Adam Richardson
C_7959,Mary Compton
C_796,Brittany Murray
C_7960,Reginald Mcbride
C_7961,Darryl Jones
C_7962,John Fleming
C_7963,Jennifer Moore
C_7964,Gail Smith
C_7965,Robert Martinez
C_7966,Michael Brewer
C_7967,Melissa Gray
C_7968,Scott Hardy
C_7969,Cynthia Garcia
C_797,Alexis Moore
C_7970,Emily Thomas
C_7971,Lori Adams
C_7972,Gregory Maldonado
C_7973,David Frey
C_7974,Martin Thomas
C_7975,Alexander Barker
C_7976,Melanie Austin
C_7977,Alison Bowman
C_7978,Joel Matthews
C_7979,Melissa Villanueva
C_798,Marcia Ford
C_7980,Robert Jones
C_7981,Paul Robertson
C_7982,Leslie Pope
C_7983,Marvin Wood
C_7984,Elizabeth Lewis
C_7985,Beth Simpson
C_7986,Bethany Gross
C_7987,Ashley Leonard
C_7988,Nicholas Moore
C_7989,Jessica Cooper
C_799,Tracy Clark
C_7990,David Rogers
C_7991,Andrew Valdez
C_7992,Timothy Skinner
C_7993,Rebecca Green
C_7994,John Smith
C_7995,Crystal Fischer
C_7996,Brad Herman
C_7997,Kenneth Meyer
C_7998,Jacqueline Smith
C_7999,Diana Phillips
C_8,Kelly Gardner
C_80,Hailey Garcia
C_800,Sara Collins
C_8000,John Rangel
C_8001,Debra Ward
C_8002,Timothy Hurley
C_8003,Thomas Carter
C_8004,Melvin Roy
C_8005,Joseph Turner
C_8006,Alexis Summers
C_8007,Jeremy Martinez
C_8008,Diana Elliott
C_8009,Matthew Davis
C_801,Kayla Figueroa
C_8010,Dr. Brandon Gilbert
C_8011,Mr. Steven Phillips DDS
C_8012,Sonya Bullock
C_8013,Michelle Garrett
C_8014,Christopher White
C_8015,Carlos Orozco
C_8016,Tiffany Webster
C_8017,Brian Sanchez
C_8018,Lance Black
C_8019,Lisa Jacobs
C_802,James Martinez
C_8020,Cody Nguyen
C_8021,Carrie Sullivan
C_8022,George Clark
C_8023,Kelly Marsh
C_8024,Melissa Lucas
C_8025,Sara Fox
C_8026,Zachary Medina
C_8027,Heather Bell
C_8028,Julia Torres
C_8029,Joshua Owens
C_803,David Brown
C_8030,Andrea Wood
C_8031,John Barrett
C_8032,Adam Gray
C_8033,Megan Wilson
C_8034,Mr. Barry Walton MD
C_8035,Yesenia Miller
C_8036,Brittany Benson
C_8037,Cody Valenzuela
C_8038,Brittany Collier
C_8039,Melanie Lambert
C_804,Stacy Cooper
C_8040,Corey Meyer
C_8041,Debra Petty
C_8042,Suzanne Rivas
C_8043,Antonio Meza
C_8044,James Johnson
C_8045,Brent Franklin
C_8046,Debbie Morris
C_8047,Colleen Newman
C_8048,Chad Patrick
C_8049,Renee Shelton
C_805,Mrs. Michele Hernandez
C_8050,Grant Glenn
C_8051,Jamie Ross
C_8052,Mr. Adam Ryan
C_8053,Blake Mcpherson
C_8054,Michael Huffman
C_8055,Joshua Miller
C_8056,Daniel Matthews
C_8057,Mark Santana
C_8058,April Smith
C_8059,Michele Hunter
C_806,Amy Beltran
C_8060,Kaitlin Jones MD
C_8061,Patricia Turner
C_8062,Michael Moody
C_8063,Anthony Page
C_8064,Alicia Noble
C_8065,Diane Hall
C_8066,Kelly Cole
C_8067,Thomas Lopez
C_8068,Crystal Jennings
C_8069,Barbara Andrews
C_807,Gregory Brown
C_8070,Mary Wheeler
C_8071,Ellen Colon
C_8072,David Fox Jr.
C_8073,Kevin Blair
C_8074,Rebecca Brewer
C_8075,Brittany Crawford
C_8076,Rachel Jones
C_8077,Robert Suarez
C_8078,Brian Barry
C_8079,Jessica Lee
C_808,Virginia Sanders
C_8080,Alyssa Garza
C_8081,Brian Yoder
C_8082,Joshua Rogers
C_8083,Ashley Ford
C_8084,Mark Kelly
C_8085,Michele Rodriguez
C_8086,Renee Mckenzie
C_8087,Sheila Mitchell
C_8088,James Martinez
C_8089,Jordan Alvarado
C_809,Scott Anderson
C_8090,Barbara Washington
C_8091,Jasmine Davis
C_8092,Jason Barton
C_8093,Jeffrey Howard
C_8094,Joseph Rios
C_8095,Paul Meyer
C_8096,Frank Dickson
C_8097,Patricia Good
C_8098,Stephanie Haynes
C_8099,Marcus Davis
C_81,Heather Booker
C_810,Chad Duarte DVM
C_8100,Bryan Campbell
C_8101,Brian Jackson
C_8102,Christina Sanders
C_8103,Troy Callahan
C_8104,Matthew Smith
C_8105,Tyler Brown
C_8106,Mr. Roger Ortiz
C_8107,Lynn Ramirez
C_8108,Mark Reynolds
C_8109,Cynthia Martinez
C_811,John Carrillo
C_8110,Ronald Patterson
C_8111,Joseph Schneider
C_8112,Stephen Hill
C_8113,Tracey Sanchez
C_8114,Kevin Baldwin
C_8115,Martha Hudson
C_8116,Lisa Spears
C_8117,Alison Lambert
C_8118,Lisa Yang
C_8119,Todd Beard
C_812,Jacob Flores
C_8120,Amy Wu
C_8121,Jonathan Young
C_8122,Justin Kerr
C_8123,Christopher Smith
C_8124,Stephanie Jones
C_8125,Matthew Holmes
C_8126,Antonio Marks
C_8127,Joseph Wyatt
C_8128,Drew Parker
C_8129,Andrew Washington
C_813,Troy Shelton
C_8130,Jose Rodriguez
C_8131,Daniel Fernandez
C_8132,Jimmy Hopkins
C_8133,John Vance
C_8134,Julie King
C_8135,Kristin Marquez
C_8136,Autumn Travis
C_8137,Gregory Diaz
C_8138,Brooke Robbins
C_8139,Sean Collins
C_814,Joseph Jones
C_8140,Elizabeth Thompson
C_8141,Melvin Pierce
C_8142,Jennifer Larson
C_8143,Margaret Jones
C_8144,Amber Dominguez
C_8145,Sarah Frazier
C_8146,William Cunningham
C_8147,Regina Moore
C_8148,William Brown
C_8149,Billy Estrada
C_815,John Rogers
C_8150,Kelly Silva
C_8151,Patricia Johnson
C_8152,Joseph King
C_8153,Kayla James
C_8154,Jacqueline Thompson
C_8155,Cindy Meadows
C_8156,Terry Ryan
C_8157,Marcus Mcdonald
C_8158,Marcus James
C_8159,Kimberly Hill
C_816,Tamara Reid
C_8160,Kimberly Green
C_8161,Kimberly Bowman
C_8162,Mark Cook
C_8163,Anna Callahan
C_8164,Alexander Taylor
C_8165,Justin Wilson
C_8166,Melissa Smith
C_8167,William Lee
C_8168,Brittany Payne
C_8169,Latoya Hernandez
C_817,Robert Clayton
C_8170,Terri Johnson
C_8171,Mr. William Campbell
C_8172,Austin Mitchell
C_8173,Nicole Rodriguez
C_8174,Justin Leon
C_8175,Jack Decker
C_8176,Matthew Wheeler
C_8177,Christopher Rose
C_8178,Jennifer Rocha
C_8179,Krista Cohen
C_818,Tracy King
C_8180,Nicholas Madden
C_8181,Gregory Ponce
C_8182,Mary King
C_8183,Jeanne Cross
C_8184,Shane Smith
C_8185,Sarah Lewis
C_8186,Donald Elliott
C_8187,Julie Johnson
C_8188,Spencer Mckinney
C_8189,Christopher Black
C_819,Paul Meadows
C_8190,Clifford Gardner
C_8191,Leon Larson
C_8192,Nicole Adkins
C_8193,Johnny Nelson
C_8194,Megan Lewis
C_8195,Darrell Garza
C_8196,Lauren Simmons
C_8197,Michelle Snyder
C_8198,Jason Daniels
C_8199,Heather Mcintosh DDS
C_82,Bonnie Brown
C_820,Jordan Powell
C_8200,Shane Avila
C_8201,Jessica Estrada
C_8202,Vanessa Gonzalez DDS
C_8203,Joseph Gallagher
C_8204,Bonnie Moore
C_8205,Richard Smith
C_8206,Cynthia Adams
C_8207,Emily Kennedy
C_8208,Kaitlyn Peterson
C_8209,Melissa Reilly
C_821,Jason Nelson
C_8210,Connie Anderson
C_8211,Robert Baxter
C_8212,Kenneth Smith II
C_8213,Ronald Matthews
C_8214,Nancy Hill
C_8215,Nicole Jones
C_8216,Roberto Joyce
C_8217,Theresa Mendoza
C_8218,Olivia Brown
C_8219,Brian Little
C_822,Emily Kelly
C_8220,Melissa Smith
C_8221,Curtis Lester
C_8222,Jennifer Neal
C_8223,Michael Gilbert
C_8224,Haley Larson
C_8225,Frederick Morris
C_8226,Craig Schmidt
C_8227,Sydney Higgins
C_8228,Samantha Lewis
C_8229,Abigail Ramirez
C_823,Jennifer Green
C_8230,Tina Lawrence
C_8231,Victoria Daniels DDS
C_8232,Barry Wilson
C_8233,Angel Collins
C_8234,Andrew Ramirez
C_8235,Mary Lane
C_8236,Abigail Anderson
C_8237,Richard Trujillo
C_8238,Taylor Foley
C_8239,Robert Jones
C_824,Christopher Harper
C_8240,Thomas Ochoa
C_8241,William Monroe
C_8242,Bradley Smith
C_8243,Lydia Marks
C_8244,Dorothy Grimes
C_8245,Lindsay Morgan
C_8246,Erin Davis
C_8247,Matthew Delgado
C_8248,Tony Brown
C_8249,Julie Morgan MD
C_825,Savannah Perez
C_8250,Christopher Vaughn
C_8251,Elizabeth Baker
C_8252,Brady Murphy
C_8253,Amy Malone MD
C_8254,Leslie Patton
C_8255,Jeremiah Molina
C_8256,Mrs. Carla Taylor
C_8257,John Weiss
C_8258,Samuel Padilla
C_8259,Michael Villarreal
C_826,Michele Wall
C_8260,Stacy Davis
C_8261,Curtis Savage
C_8262,Tony Davis
C_8263,Tonya Patterson
C_8264,Anthony Young
C_8265,Vincent Sanchez
C_8266,Cynthia Moss
C_8267,Katie Morgan
C_8268,Gregory Perez
C_8269,David Ashley
C_827,Randall Sanchez
C_8270,Richard Anderson
C_8271,David Tucker
C_8272,Judy Baker
C_8273,Jerry Martinez
C_8274,Brianna Wright
C_8275,Christine Cabrera
C_8276,Steven Sims
C_8277,Diane Russell
C_8278,Jeffrey Allen
C_8279,David Hernandez
C_828,Miss Sherry Knight
C_8280,Michael Barnes
C_8281,Taylor Stuart
C_8282,Miss Lori Lambert
C_8283,Jennifer Rodriguez
C_8284,Paul Rodriguez
C_8285,Daniel Brown
C_8286,Gerald Collins
C_8287,Teresa Gaines DDS
C_8288,Gabrielle Harrison
C_8289,Kenneth Phillips
C_829,Lisa Weeks
C_8290,Jodi Woods
C_8291,Daniel Mueller
C_8292,Kaylee Branch
C_8293,Jessica Stewart
C_8294,Elizabeth Brooks
C_8295,Sandra Phillips
C_8296,Jimmy Perry
C_8297,Benjamin Kirby
C_8298,Louis Walton
C_8299,Cindy Freeman
C_83,Robin Ewing
C_830,Jennifer Weber
C_8300,Rodney Mcgee
C_8301,Adam Hernandez
C_8302,Kevin Knight
C_8303,Ethan Baker
C_8304,Mary Stark
C_8305,Pamela Martinez
C_8306,Michael Sherman
C_8307,Miss Stacey Flores
C_8308,Craig Paul
C_8309,Jillian Taylor
C_831,Patrick Mercer
C_8310,Ashley Gill
C_8311,Michelle Williams
C_8312,Joshua Shaw
C_8313,Nicholas Garcia
C_8314,Joshua Fuentes
C_8315,Kevin Salazar
C_8316,Pamela Anderson
C_8317,Shannon Yoder
C_8318,Elizabeth Phillips
C_8319,Andrea Griffin
C_832,Gary Hicks
C_8320,Jason Smith
C_8321,Heather Mitchell
C_8322,Christopher Williams
C_8323,John Lee
C_8324,Tiffany Briggs
C_8325,Logan Garcia
C_8326,Jason Martin
C_8327,Catherine Miller
C_8328,Jonathan Ward
C_8329,Christine Acosta
C_833,Michael Cruz
C_8330,Mark Benitez
C_8331,Douglas Brown
C_8332,Michael Willis
C_8333,Earl Cruz
C_8334,Susan Lloyd
C_8335,Beth Mack
C_8336,Dana Johnson
C_8337,Emma Howell
C_8338,Bridget Edwards
C_8339,Michael Mccarthy
C_834,Scott Lane
C_8340,Tracy Adams
C_8341,Victoria Li
C_8342,Christopher Adams
C_8343,Tara Cooper
C_8344,Anthony Green
C_8345,Nancy Zimmerman
C_8346,Rebecca Martin
C_8347,Brian Harrell
C_8348,Monica Vega
C_8349,Kevin Benitez
C_835,Jennifer Andrews
C_8350,Tracy Carrillo
C_8351,Joanna Smith
C_8352,Leah Buck
C_8353,Megan Strickland
C_8354,Maria Terry
C_8355,Maria Small
C_8356,Jennifer Sanders
C_8357,Jimmy Powell
C_8358,Christopher Anderson
C_8359,Alexandria Kim
C_836,Christopher Webb
C_8360,Laura Hart
C_8361,Maria Rodriguez
C_8362,Emily Wright
C_8363,Amanda Suarez
C_8364,Melanie Walker
C_8365,Tara Andrews
C_8366,Jeffrey Valenzuela
C_8367,Scott Little
C_8368,Taylor James
C_8369,Kenneth Oconnor
C_837,Brandy Buchanan
C_8370,William Lester
C_8371,Lisa Snyder
C_8372,Anthony Atkinson
C_8373,Kimberly Bridges
C_8374,Wendy Rivera
C_8375,Danielle Lee
C_8376,Sierra Bell
C_8377,John Dawson
C_8378,Gregory Haynes
C_8379,Jennifer Church
C_838,Sheila Smith
C_8380,Casey Zhang
C_8381,Destiny Byrd
C_8382,Christopher Conner
C_8383,Jared Torres
C_8384,William Smith
C_8385,Kevin Terry
C_8386,Jacqueline Pitts
C_8387,Amanda Allen
C_8388,Abigail Matthews
C_8389,Julie Morris
C_839,Elizabeth Freeman
C_8390,Donald Kennedy
C_8391,Shane Cruz
C_8392,Ryan Bradley
C_8393,Julie Turner
C_8394,Philip Butler
C_8395,Kayla Hensley
C_8396,Christopher Dalton
C_8397,Joseph Boyd
C_8398,Margaret Miller
C_8399,Laura Davies
C_84,Mark Wagner
C_840,Melissa Campbell
C_8400,Jessica Wagner
C_8401,Jesus Anderson
C_8402,Jennifer Owens
C_8403,Tyler Jordan
C_8404,Harold Bond
C_8405,Jennifer Valdez
C_8406,Jacob Martinez
C_8407,Bradley Collins
C_8408,Mackenzie Thomas
C_8409,Christina Choi
C_841,Jackson Cook
C_8410,Jorge Chavez
C_8411,Robert Long
C_8412,Victor Carr
C_8413,Ricky Harvey
C_8414,Mrs. Kelly Walker
C_8415,James Lee
C_8416,Scott Shah
C_8417,Tonya Wilson
C_8418,Steven Black
C_8419,Derek Oliver
C_842,Gregory Jackson
C_8420,Kimberly Thompson
C_8421,Samantha Thompson
C_8422,Brandi Johnson
C_8423,Karen Paul
C_8424,Stanley Bullock
C_8425,Donna Flynn
C_8426,Kimberly Luna PhD
C_8427,Kaitlin Vargas
C_8428,Dustin Chapman
C_8429,John Anderson
C_843,Connie Travis
C_8430,Grant Ellis
C_8431,Ryan Gonzalez
C_8432,Nicole Ballard
C_8433,Rebecca Roberts
C_8434,George Conway
C_8435,Deborah Smith
C_8436,Samantha Patterson
C_8437,Sarah Macdonald
C_8438,Brian Brooks
C_8439,Christine Noble
C_844,Renee King
C_8440,David Sullivan
C_8441,Jesse Stewart
C_8442,Angelica Palmer
C_8443,Susan Kim
C_8444,Carlos Gentry
C_8445,Lee Simmons
C_8446,Ian Wolfe
C_8447,Courtney Harrison
C_8448,Nicholas Johnson
C_8449,Zachary Taylor
C_845,Edward Schmidt
C_8450,Ryan Zimmerman
C_8451,Shane Ryan
C_8452,Jose Smith
C_8453,Jacob Gregory
C_8454,Trevor Lane
C_8455,Misty Williams
C_8456,James Mathews
C_8457,Ethan Brown
C_8458,Marcus Bell
C_8459,Cole Freeman
C_846,Alexander Carey
C_8460,Rebecca Walker
C_8461,Austin Mejia
C_8462,James Miller
C_8463,Darlene Roach
C_8464,Tammy Thomas
C_8465,John Hernandez DVM
C_8466,Erica Elliott
C_8467,Ann Mcintyre
C_8468,John Mendoza
C_8469,Jennifer Bullock
C_847,Carl Roth
C_8470,Jennifer Ray
C_8471,Adam Briggs
C_8472,Katie Russell
C_8473,Angela Nelson
C_8474,Jody Glenn
C_8475,Gordon Cooper
C_8476,Shawn Murray
C_8477,Stacy Ross
C_8478,Grace Brown
C_8479,Matthew Weber
C_848,Rhonda Fuller
C_8480,Kathryn Moore
C_8481,Erica Silva
C_8482,Kelly Lucas
C_8483,Carrie Robertson
C_8484,Steven Lawrence
C_8485,Kayla Johnson PhD
C_8486,Cheryl Jefferson
C_8487,Samuel Anderson
C_8488,Diane Evans
C_8489,James Vasquez
C_849,Christopher Williams
C_8490,Nicole Clark
C_8491,Denise Foley
C_8492,Deborah Cobb
C_8493,Andrew Riley
C_8494,Jeffery Patterson
C_8495,Christopher Garcia
C_8496,Jonathan Rice
C_8497,Kimberly Smith
C_8498,Melody Brown
C_8499,Joanna Quinn
C_85,Eric Rosales
C_850,Denise Russell
C_8500,Mario Franklin
C_8501,Carrie Velez
C_8502,Joshua Norton
C_8503,Luis Dixon
C_8504,Mr. James Hall
C_8505,Kenneth Ruiz
C_8506,David Wilcox
C_8507,Devin Martinez V
C_8508,Mr. Joe Hale
C_8509,Trevor Chen
C_851,Todd Merritt
C_8510,Jeffrey Bray
C_8511,Nathan Silva
C_8512,Stephanie Bell
C_8513,Jeffrey Duncan
C_8514,Tabitha Reid
C_8515,Angela Harrison
C_8516,Joan Mack
C_8517,Crystal Wilson
C_8518,Laurie Torres
C_8519,Joshua Glass
C_852,Brianna Davis
C_8520,Stacey Rich
C_8521,Courtney Williams
C_8522,Karen Jackson
C_8523,Jonathan Vasquez
C_8524,Michelle Buchanan
C_8525,Dakota Baird
C_8526,Gloria Collins
C_8527,Tracy Pierce
C_8528,Scott Velasquez
C_8529,Michael Hale
C_853,Thomas Ford
C_8530,Wanda Lindsey
C_8531,Shelia Little
C_8532,Kimberly Pitts
C_8533,Michael Austin
C_8534,Mrs. Linda Roberts DVM
C_8535,Richard Cannon
C_8536,Kimberly Curtis
C_8537,Eric Sanchez
C_8538,Elizabeth Smith
C_8539,Dominique Murphy
C_854,Ryan Snyder
C_8540,Brian Kelly
C_8541,Kevin Phillips
C_8542,Daniel Hull
C_8543,Billy Smith
C_8544,Vickie James
C_8545,Jon Willis
C_8546,Tammy Steele
C_8547,Dr. Ryan Galloway
C_8548,Denise Jacobs
C_8549,James Wallace
C_855,Rebecca Park
C_8550,Oscar Russell
C_8551,John Martin
C_8552,Terry Love
C_8553,Whitney Flores
C_8554,Donald Gomez
C_8555,Lisa Murphy
C_8556,Kenneth Douglas
C_8557,Christopher Wong
C_8558,Caitlin Ball
C_8559,Wayne Lopez
C_856,Paul Little
C_8560,Patrick Johnson
C_8561,Shaun Maldonado DDS
C_8562,Brittany Smith
C_8563,Adam Hodges
C_8564,Bradley Wood
C_8565,Laurie Wright
C_8566,Douglas Macdonald
C_8567,Paul Jones
C_8568,Cindy Gutierrez
C_8569,Brittany Ashley
C_857,Caitlin Carson
C_8570,Shane Harding
C_8571,Ernest Jenkins
C_8572,Judy Macias
C_8573,Suzanne Lewis
C_8574,Alvin Thompson Jr.
C_8575,Andrew Huffman
C_8576,Madison Payne
C_8577,David Horne
C_8578,Deborah Cox
C_8579,Eric Singleton
C_858,Janet Hayden
C_8580,Jenna Freeman MD
C_8581,Jill Hines
C_8582,Gloria Miller
C_8583,Audrey Sullivan
C_8584,Curtis Williams
C_8585,David Turner MD
C_8586,Stephanie Gomez
C_8587,Gregory Mclean DVM
C_8588,Kathleen Espinoza
C_8589,Vincent Jones
C_859,Gina Howard
C_8590,Joy Watson
C_8591,Melissa Jones
C_8592,Lauren White
C_8593,Heather Russell
C_8594,Courtney Rios
C_8595,Sergio Monroe
C_8596,Karen Hart
C_8597,Brandon Dyer
C_8598,Benjamin Rubio
C_8599,Heather Chavez
C_86,Taylor Daniels
C_860,Paul Soto
C_8600,Christopher Guerra
C_8601,Stacey Miller
C_8602,Cassandra Knox
C_8603,Laura Lindsey
C_8604,Victoria Snyder
C_8605,Joshua Bailey
C_8606,Mr. William Jones DVM
C_8607,Ellen Richardson
C_8608,Heidi Howard
C_8609,Jennifer Moore
C_861,Xavier Young
C_8610,Jessica Johnson
C_8611,Nancy Brown
C_8612,Catherine Smith
C_8613,George Kelly
C_8614,Nicole Thomas
C_8615,Alicia Wagner
C_8616,Catherine Roach
C_8617,Robert Kirby
C_8618,Joshua Hall
C_8619,Julie Hernandez
C_862,Raymond Miller
C_8620,Amber Hodges
C_8621,Ronald Webb
C_8622,Daniel Wilkinson
C_8623,Robert Wilson
C_8624,Brian Hughes
C_8625,Daniel Tate
C_8626,Andrew Tucker
C_8627,David Ross
C_8628,Faith Mayer
C_8629,Susan Baker
C_863,Kelsey Hamilton
C_8630,Lori Nash
C_8631,Sara Manning
C_8632,Kara Lopez
C_8633,Jason Perez
C_8634,Shawn Bradley
C_8635,Sandra Hernandez
C_8636,Joshua Lewis
C_8637,Joel Freeman
C_8638,Michael Campbell
C_8639,Stephen Daniels PhD
C_864,Jeffrey Holmes
C_8640,Amy Rowland
C_8641,Kelsey Bradford
C_8642,Jacob Douglas
C_8643,Amy Anderson
C_8644,Alyssa Adams
C_8645,Mary Moon
C_8646,Henry Leon
C_8647,Justin Gardner
C_8648,Noah Alvarado
C_8649,Bobby Howard
C_865,Erica Calderon DVM
C_8650,Morgan Estrada
C_8651,Todd Fields
C_8652,Connor Jones
C_8653,Jesse Brown
C_8654,Tara Vargas
C_8655,Jennifer Doyle
C_8656,Michael Love
C_8657,Jessica Griffin
C_8658,Cody Hubbard
C_8659,Jessica Crawford
C_866,Steven Diaz
C_8660,Aaron Walls
C_8661,Melissa Fields
C_8662,George Jensen
C_8663,Charles Rodriguez
C_8664,Craig Berger
C_8665,Michael Aguilar
C_8666,Melissa Walker
C_8667,Ms. Heather White MD
C_8668,Jenny Johnson
C_8669,Cheryl Mcknight
C_867,Lee Lucero
C_8670,Sandra Barrera DDS
C_8671,Kevin Williams
C_8672,Veronica Doyle
C_8673,Thomas Martinez
C_8674,Paul Williams
C_8675,Terry Bradshaw
C_8676,Kristin Stein
C_8677,Joshua King
C_8678,Brett Wright
C_8679,James Price
C_868,Jill Mathis
C_8680,Jennifer Lynch
C_8681,David Petersen
C_8682,Gerald Roberts
C_8683,James Cox
C_8684,Daniel Moore
C_8685,Jamie Ryan
C_8686,Chad Francis
C_8687,Tony Reyes
C_8688,Samuel Foley
C_8689,Cheryl Thomas
C_869,Chris Dodson
C_8690,Christopher Wood
C_8691,Tiffany Cross
C_8692,Angela Ruiz
C_8693,Jasmine Williams
C_8694,Kaitlyn Duncan
C_8695,Catherine Fisher
C_8696,Cheryl Davis
C_8697,Danielle Ramirez
C_8698,Michael Richardson
C_8699,Elizabeth Daniels
C_87,John Hernandez
C_870,Molly Duarte
C_8700,Jesus Compton
C_8701,Shelley Martin
C_8702,Alexander Oconnor
C_8703,Cameron Vance
C_8704,Kenneth Fowler
C_8705,Denise White
C_8706,Michelle Farmer
C_8707,Gregory Miller
C_8708,Zachary Phillips
C_8709,Albert Frye
C_871,Ashley Carroll
C_8710,Drew Allison
C_8711,Latoya Smith
C_8712,Katherine Williams
C_8713,Elizabeth Davis
C_8714,Cody Taylor
C_8715,Curtis Murphy
C_8716,Margaret Gray
C_8717,Eddie Huang
C_8718,Brian Pope
C_8719,Lawrence Hodge Jr.
C_872,Joseph Owens
C_8720,Kimberly Vazquez
C_8721,Sarah Robertson
C_8722,Shannon Robertson
C_8723,Jill Shields
C_8724,Samantha Lutz
C_8725,Kim Hays
C_8726,Catherine Phillips
C_8727,Michael Gutierrez
C_8728,Rebecca Cunningham
C_8729,Caleb Ho
C_873,Tiffany May
C_8730,Andrea Spears
C_8731,Jennifer Baker
C_8732,Amy Morgan
C_8733,Jessica Morgan
C_8734,Charlene James
C_8735,Terry Parks
C_8736,Mariah Hernandez
C_8737,James Joseph
C_8738,Shawn Lawrence
C_8739,Austin Ramirez
C_874,Charles Stevens
C_8740,Scott Smith
C_8741,Kurt Edwards
C_8742,David Phillips
C_8743,Angel Bishop
C_8744,Lindsey Hobbs
C_8745,Gary Burke
C_8746,Angela Clark
C_8747,Colleen Gordon
C_8748,Jason White
C_8749,Sean Rodriguez
C_875,Donald Wilson
C_8750,Vanessa Smith
C_8751,Kurt Neal
C_8752,Tina Lee MD
C_8753,Jenna Roberts
C_8754,Jason Lopez
C_8755,Mary Collins
C_8756,Mrs. Diana Wells
C_8757,Ryan White
C_8758,Cameron Rios
C_8759,Shawn Hernandez
C_876,Elizabeth Taylor
C_8760,Veronica Hancock
C_8761,Danielle White
C_8762,Adam Miles
C_8763,Brian Webster
C_8764,Keith Harris
C_8765,Robert Robinson
C_8766,Thomas Brown
C_8767,Jenna Smith
C_8768,Tracy Moore
C_8769,Mrs. Kimberly Johnston
C_877,Larry Cruz
C_8770,Melvin Evans
C_8771,Kristie Lee
C_8772,Suzanne Torres
C_8773,Warren Lewis
C_8774,Susan Valdez
C_8775,Janice Kim
C_8776,Lauren Williams
C_8777,Allison Todd
C_8778,Haley Sullivan
C_8779,Robert Stewart
C_878,Clifford Lee
C_8780,John Lyons
C_8781,Lori Patton
C_8782,Tamara Koch
C_8783,Matthew Bennett
C_8784,Anthony Estrada
C_8785,Molly Diaz
C_8786,Ashley Lewis
C_8787,Gregory Wright
C_8788,Jose Klein
C_8789,Bruce Fox
C_879,Michelle Smith
C_8790,Brenda Campbell
C_8791,Blake Martinez
C_8792,Edward Cooper
C_8793,Cassandra Powell
C_8794,Robert Mcbride
C_8795,Samantha Wood
C_8796,James Hogan
C_8797,Lisa Hall
C_8798,Russell Rivers
C_8799,Katherine Carter
C_88,James Soto
C_880,Mary Reid
C_8800,Alexis Ware
C_8801,Lynn Wells
C_8802,Sheryl Reeves
C_8803,Heather Campbell
C_8804,Samantha Roberts
C_8805,Nathaniel Boyd
C_8806,Denise Brown
C_8807,Antonio Owens
C_8808,Jordan Edwards MD
C_8809,Bradley Reyes
C_881,Sean Bender
C_8810,Katrina Stevens
C_8811,Eric Mccullough
C_8812,Cory Frazier
C_8813,Monica Simmons
C_8814,Nicolas Lozano
C_8815,Erik Bennett
C_8816,Mark Young
C_8817,Jacqueline Wright
C_8818,Jennifer Garcia
C_8819,Cindy Wall
C_882,Michelle Perez
C_8820,Christopher Joseph
C_8821,Elaine Perez
C_8822,Beth Coleman
C_8823,Cody Duncan
C_8824,Diane Henderson
C_8825,Daniel Fernandez
C_8826,Lee Smith
C_8827,Jose Martin
C_8828,Thomas Carter
C_8829,David Berry
C_883,Amanda White
C_8830,Bailey Torres
C_8831,Brenda Stewart
C_8832,Cindy Robinson
C_8833,Susan Lewis
C_8834,Mark Ward
C_8835,Mrs. Melissa Frey MD
C_8836,Leslie James
C_8837,Gary Williams
C_8838,Heather Saunders
C_8839,Ryan Johnson
C_884,Cameron Rodriguez
C_8840,Robert Randolph
C_8841,Leslie Hamilton
C_8842,Joshua Wilson
C_8843,Erica Dominguez
C_8844,Bryan Henry
C_8845,Melissa Murray
C_8846,Ashley Jensen
C_8847,Elizabeth Sutton
C_8848,Kimberly Ortiz
C_8849,Carl May
C_885,Jessica Thomas
C_8850,Tiffany Simpson
C_8851,Megan Duncan
C_8852,Leslie Fernandez
C_8853,Peter Peterson
C_8854,Steven Phillips
C_8855,Dennis Bell
C_8856,Mary Schaefer
C_8857,Joseph Simon
C_8858,Sierra Sparks
C_8859,Megan Dixon
C_886,Leah Camacho
C_8860,Nicole Russell
C_8861,Ashley Roy
C_8862,Isabel Benson
C_8863,Randall Howard
C_8864,Maureen Kerr
C_8865,Ashley Garza
C_8866,Pamela Best
C_8867,Lisa Charles
C_8868,Michelle Mccullough
C_8869,Mrs. Michelle Rodriguez
C_887,Christopher Sloan
C_8870,Gregory Morris
C_8871,Lawrence Martin
C_8872,Albert Jones MD
C_8873,Dr. Daniel Jones
C_8874,Danielle Gomez
C_8875,Randall Smith
C_8876,Heather Jackson
C_8877,Christopher Fowler
C_8878,Craig Perez
C_8879,Gina Shah
C_888,James Mason
C_8880,Michelle Marks
C_8881,Barbara Brown
C_8882,Amy Sanders
C_8883,Natasha Smith
C_8884,Luis Peterson
C_8885,Tiffany Blackwell
C_8886,Erica Hancock
C_8887,Richard Martin
C_8888,Kristen Rodriguez
C_8889,Martin Hernandez
C_889,Joseph Cain
C_8890,Rebecca Morgan
C_8891,Andrew Ponce
C_8892,Andrea Gamble
C_8893,George Valenzuela
C_8894,Leslie Allen
C_8895,Aaron Zavala
C_8896,Michelle Dixon
C_8897,Russell Lewis PhD
C_8898,Bradley Sherman
C_8899,Meagan Guzman
C_89,Mary Patton
C_890,Kathleen Martin
C_8900,Adam West
C_8901,Carlos Harris
C_8902,Melissa Berger
C_8903,Isaiah Farrell
C_8904,Robert Hobbs
C_8905,John Vargas
C_8906,Walter Flores
C_8907,Jason Curry
C_8908,Kimberly Kennedy
C_8909,Andrew Guzman
C_891,Stephanie Scott
C_8910,Patricia Thomas
C_8911,Andrew Gardner
C_8912,Brianna Carter
C_8913,Hannah Holmes
C_8914,Elizabeth Leonard
C_8915,Carol Morgan
C_8916,Kimberly Evans
C_8917,William Mitchell
C_8918,Kenneth Hebert
C_8919,Spencer Hayes
C_892,Barbara Herring
C_8920,Dalton Bowers
C_8921,Dustin Booker
C_8922,Melanie Reed
C_8923,Stacy Brown
C_8924,Brandi Jackson
C_8925,Robert Bishop MD
C_8926,Kristi Quinn MD
C_8927,Colleen Schultz
C_8928,Tiffany Morales
C_8929,Destiny Graham
C_893,Kaitlyn Miranda
C_8930,Roy Flores
C_8931,Sarah White
C_8932,Christopher Taylor
C_8933,Timothy Patel
C_8934,Elizabeth Myers
C_8935,Linda Perry
C_8936,David Williams
C_8937,Betty Mack
C_8938,Sydney Miles
C_8939,Grant Owens
C_894,Kathryn Crawford
C_8940,Donna Ford
C_8941,James Nguyen
C_8942,Catherine Cox
C_8943,Sean Cunningham
C_8944,Bradley Morse
C_8945,Micheal Hampton
C_8946,Vanessa Downs
C_8947,Tiffany Page
C_8948,Mark Wilson
C_8949,Robert Payne
C_895,Tanya Evans
C_8950,Matthew King
C_8951,Lindsey Rose
C_8952,Tracy Mitchell
C_8953,Kelly Davidson
C_8954,Karla Johnson
C_8955,Edward Ross
C_8956,Joseph Edwards
C_8957,Jason Gonzalez
C_8958,Anne Lopez
C_8959,Christina Webb
C_896,Kathleen Heath
C_8960,Kimberly Fields
C_8961,Joshua Lynch
C_8962,Marcus Alvarado
C_8963,Lindsey Wilson
C_8964,Adam Baker
C_8965,Shawn Flores
C_8966,Jonathan Schwartz
C_8967,Steven Grant
C_8968,Tara Barajas
C_8969,Robert Griffith
C_897,Brian Benjamin
C_8970,Crystal Montes
C_8971,Nicole George
C_8972,Amanda Bean
C_8973,Dr. Meghan Taylor MD
C_8974,Donald Crawford
C_8975,Jasmine Murphy
C_8976,Melissa King
C_8977,Derek Townsend
C_8978,Scott Mcdonald
C_8979,Cathy Wilson
C_898,Emily Shaw
C_8980,Carolyn Tran
C_8981,Mathew Davis
C_8982,Rachel Welch
C_8983,Rachael Coleman
C_8984,Jesse White
C_8985,Margaret Price
C_8986,Christine Newton
C_8987,Lindsay Fox
C_8988,Jose Alvarado MD
C_8989,Dawn Brown
C_899,Terri Norton
C_8990,John Barnes
C_8991,David Rose
C_8992,Colton Mccoy
C_8993,Timothy Ramirez
C_8994,David Stark
C_8995,John Miles
C_8996,Lindsey Sanchez
C_8997,Meagan King
C_8998,Julian Wood
C_8999,Dennis Scott
C_9,Melissa Riley
C_90,Curtis Salazar
C_900,Joseph Gonzalez
C_9000,Steven Clarke
C_9001,Amanda Robinson
C_9002,Jose Marshall
C_9003,Alan Rivera
C_9004,Joseph Adams
C_9005,Zachary Williams
C_9006,James Patel
C_9007,Elaine Cox PhD
C_9008,Nicholas Gordon
C_9009,James Walton
C_901,Timothy Davis
C_9010,Eric Roman
C_9011,Seth Anderson
C_9012,Isabel Mahoney
C_9013,Jessica Hess
C_9014,Theodore Calderon
C_9015,Kayla Francis
C_9016,Christina Payne
C_9017,Briana Powell
C_9018,Duane Holloway
C_9019,Edward Wright
C_902,Ms. Jordan Turner MD
C_9020,Cynthia Lynch
C_9021,Daniel Brown
C_9022,Gina Montgomery
C_9023,Andrew Rose
C_9024,Victoria Ali
C_9025,Derek Morrow
C_9026,Casey Fisher
C_9027,Jesus Martin
C_9028,Ashley Rodriguez
C_9029,Michael Watts
C_903,Peter Griffin
C_9030,James Mora
C_9031,Stephen Martin
C_9032,Tiffany Ball
C_9033,Carol Blankenship
C_9034,Shelly Dickson
C_9035,Jonathan Wells
C_9036,Johnny Watts
C_9037,Gina Hernandez
C_9038,Daniel Vargas
C_9039,Johnathan Waters
C_904,Jordan Torres
C_9040,Melissa Stewart
C_9041,Kimberly Payne
C_9042,Stephanie Hansen
C_9043,Michael Dunn
C_9044,Craig Stout
C_9045,Amanda Choi
C_9046,Brian Garcia
C_9047,Pamela Mann
C_9048,Dale Brown
C_9049,Morgan Barnes
C_905,Mike Jennings
C_9050,Barbara Beard
C_9051,Dustin Harrington
C_9052,Andrew Cooper Jr.
C_9053,Amanda Williams
C_9054,Miguel Brady
C_9055,Laura Davis
C_9056,Jeremy Singh DVM
C_9057,Paul Dominguez
C_9058,Beth Carter
C_9059,Michael Houston
C_906,Nicole Massey
C_9060,Matthew King
C_9061,Michelle Wright
C_9062,Nicole Watson
C_9063,Whitney King
C_9064,Shannon Shah
C_9065,Dr. Kathryn Zimmerman MD
C_9066,Miranda Hancock
C_9067,Brandi Butler
C_9068,Shelby Hart
C_9069,Luis Torres
C_907,Thomas Johnson
C_9070,Jennifer Wilson
C_9071,Nicole Floyd
C_9072,Kimberly Johnson
C_9073,Aaron Phillips
C_9074,James Wilson
C_9075,Katie Roberts
C_9076,Roy Neal
C_9077,Keith Rivera
C_9078,George Owens
C_9079,Rachel Lee
C_908,Stephanie Bowers
C_9080,Kevin Woods
C_9081,Calvin Norton
C_9082,Amy Leon
C_9083,Paula Wright
C_9084,Julia Caldwell
C_9085,Ryan Morris
C_9086,Barbara Le
C_9087,Kayla Meadows
C_9088,Melissa Ross DDS
C_9089,Brandon Barton
C_909,Gregory Esparza
C_9090,Lisa Dixon
C_9091,Emily Perez
C_9092,Jennifer Rivas
C_9093,Ashley White
C_9094,Susan Rivera
C_9095,Tammy Jackson
C_9096,John Aguilar
C_9097,Ashley Odom
C_9098,Tara Turner
C_9099,Julia Jimenez
C_91,Amy Holland
C_910,Dr. Douglas Walton
C_9100,Jeffery Harvey
C_9101,Mary Novak
C_9102,Juan Oneal
C_9103,Jonathan Drake
C_9104,Alexis Wells
C_9105,Jose Leonard
C_9106,Anne Gardner
C_9107,Lisa Martinez
C_9108,Kevin Foster
C_9109,Chase Mullins
C_911,Seth Woods
C_9110,Kelly Rowe
C_9111,David Mclean
C_9112,Julie Mathis
C_9113,Gabrielle Goodman
C_9114,Thomas Owen
C_9115,Amber Miller
C_9116,Thomas Gray
C_9117,Dylan Johnson
C_9118,Benjamin Wilson
C_9119,Lauren Burns
C_912,Ryan Jackson
C_9120,John Weeks
C_9121,James Franklin
C_9122,Monica Vaughn
C_9123,Brenda Moyer
C_9124,Heather Jones
C_9125,Michael Meyers
C_9126,Deborah Boyer
C_9127,Angelica Ramirez
C_9128,Mackenzie Miller
C_9129,Jose Henry
C_913,Christian Baker
C_9130,Angela Ward
C_9131,Corey Walker
C_9132,Juan Elliott
C_9133,Charles Meyer
C_9134,Kenneth Harmon
C_9135,Clarence Wells
C_9136,Michael Garrett
C_9137,Heather Ortiz
C_9138,Wanda Kim
C_9139,Craig Le
C_914,Nicholas Padilla
C_9140,Valerie Robinson
C_9141,Sara Mccullough
C_9142,Michael Taylor
C_9143,Robert Perez
C_9144,Sierra Hanson
C_9145,Deborah Rogers
C_9146,Anthony Flores
C_9147,Jamie Collins
C_9148,Amanda Whitaker
C_9149,Joshua Chan
C_915,Crystal Ball
C_9150,Rachel Perkins
C_9151,Jamie Patel DDS
C_9152,Anthony Williams
C_9153,Nancy Newton
C_9154,Jason Herrera
C_9155,Joseph Day
C_9156,Michael Young MD
C_9157,Craig Barnes
C_9158,Scott Boyd
C_9159,Ernest Charles
C_916,Arthur Smith
C_9160,Justin Pittman
C_9161,Benjamin Stewart
C_9162,Danielle Winters
C_9163,Sophia Rodriguez MD
C_9164,Steven Miller
C_9165,Joan Harvey
C_9166,Mr. Steven Garcia
C_9167,Nicole Sexton
C_9168,Jay Wood
C_9169,Amy Roberts
C_917,Justin Lee
C_9170,Morgan Rios
C_9171,Robin Hill
C_9172,Mark Williams
C_9173,David Jones
C_9174,Katherine Simpson
C_9175,Kurt Mejia
C_9176,Shelby Holt
C_9177,Chloe Rowland
C_9178,Shawn Thompson
C_9179,Bryan Smith
C_918,Julian Miller
C_9180,Nathaniel Nguyen
C_9181,Joshua Holmes
C_9182,Joseph Wong
C_9183,Connie Wells
C_9184,Wanda Brown
C_9185,Jon Ritter
C_9186,Renee Nelson
C_9187,Bonnie Hill
C_9188,Nicole Davidson
C_9189,Matthew Edwards
C_919,Melanie Soto
C_9190,Ryan Harris
C_9191,Alyssa Avery
C_9192,Jean Haley
C_9193,Ross Walton
C_9194,Annette Payne
C_9195,Curtis Schmidt
C_9196,Sara Medina
C_9197,Wayne Atkinson
C_9198,John Ritter
C_9199,Courtney Cooper
C_92,Jeremy Cruz
C_920,Natasha Bennett MD
C_9200,Janet Brown
C_9201,Patricia Pierce
C_9202,James Johnston
C_9203,Bailey Hernandez
C_9204,Christopher Robertson
C_9205,Lisa Perkins
C_9206,Crystal Jordan
C_9207,Patrick Nichols
C_9208,Mrs. Claudia Campbell
C_9209,Heather Sanchez
C_921,Amy Dominguez
C_9210,John Whitaker
C_9211,Christopher Wilson
C_9212,Amanda Rodriguez
C_9213,Wayne Underwood
C_9214,Randy Johnson
C_9215,Leah Gilbert
C_9216,Jennifer Kidd
C_9217,Olivia Hudson
C_9218,Erik Boyer
C_9219,Sandra Hensley
C_922,Kimberly Jenkins
C_9220,Lauren Rosario
C_9221,Aaron Jacobs
C_9222,Carla Allen
C_9223,Teresa Martin
C_9224,Mr. Justin Wilkerson
C_9225,Mr. Justin Cook
C_9226,Stacey Marshall
C_9227,Andrea Singleton
C_9228,Melissa Harrison
C_9229,Lori Peters
C_923,Nichole Chandler
C_9230,Erin Briggs
C_9231,Jamie Decker
C_9232,Timothy Jackson
C_9233,Kenneth Espinoza
C_9234,Amanda Richardson
C_9235,Linda Tanner
C_9236,Shaun Kim
C_9237,Richard Hoffman
C_9238,Bruce Jordan
C_9239,Deborah Torres
C_924,Richard Wright
C_9240,Theresa Conner DDS
C_9241,Joseph Williams
C_9242,Sara Smith
C_9243,Shelby Jackson
C_9244,Sherry Hall
C_9245,Jacob Nelson
C_9246,David Nguyen
C_9247,Micheal Andrade
C_9248,Amanda Robbins
C_9249,Michael Allen
C_925,Cynthia Black
C_9250,Amanda Snow
C_9251,Rebecca Mcdonald
C_9252,Tammie Macdonald
C_9253,Adam Carson
C_9254,Michael Fitzpatrick
C_9255,Lauren Roberts
C_9256,Amber Powell
C_9257,Anthony Jackson
C_9258,Pamela Kidd
C_9259,Pamela Smith
C_926,Michael Adams
C_9260,Stephanie King
C_9261,Maria Wallace
C_9262,Luke Knapp
C_9263,Kathleen Burns
C_9264,Michael Evans
C_9265,Christopher Adams
C_9266,Juan Benson
C_9267,John Smith
C_9268,Anthony Lowe
C_9269,Carrie Reed
C_927,Colleen Simon
C_9270,Crystal Cox
C_9271,Bill Shaw
C_9272,Daniel Ferguson
C_9273,Dalton Sandoval
C_9274,Andrea Herrera
C_9275,Maurice Ashley
C_9276,Omar Mitchell
C_9277,Tracy Morales
C_9278,April Griffin
C_9279,Erika Graham
C_928,Angela Murray
C_9280,John Gardner
C_9281,Mark Myers
C_9282,Sarah Mueller
C_9283,Christopher George DDS
C_9284,Matthew Hart
C_9285,Lisa Castro
C_9286,Dawn Meza
C_9287,Joseph Avila
C_9288,Gina Hubbard
C_9289,Tracy Norman
C_929,George Snyder DDS
C_9290,Keith Cruz
C_9291,Thomas Erickson
C_9292,Thomas Parker
C_9293,Kelsey Pitts
C_9294,James Hunter
C_9295,Arthur Jackson
C_9296,Kristina Gonzalez
C_9297,Rhonda Edwards
C_9298,Zachary Brady
C_9299,Marissa Dennis
C_93,Larry Conner
C_930,Theresa Steele
C_9300,Kimberly Montgomery
C_9301,Lisa Bernard
C_9302,Michael Taylor
C_9303,Matthew Boyd
C_9304,Carol Mcdonald
C_9305,Paula Frank
C_9306,Steven Kim
C_9307,Brandon Sanchez
C_9308,Brian Cohen
C_9309,Patrick Richards
C_931,Scott Mcdowell
C_9310,Vanessa Moran
C_9311,Lisa Pearson
C_9312,Kimberly Dixon
C_9313,Grant Martinez
C_9314,Andrea Davis
C_9315,Christopher Erickson
C_9316,Mary Soto
C_9317,Lori Chen
C_9318,Alexander Adams
C_9319,Stephanie Hogan
C_932,Daniel Green
C_9320,Dr. Lori Foster
C_9321,Matthew Wallace
C_9322,Ronald Sanders
C_9323,Dr. Christine Fleming
C_9324,Stanley Riley
C_9325,Stephen Price
C_9326,Joseph Pratt
C_9327,Elizabeth Greene
C_9328,Anne Gallagher
C_9329,Debbie Wallace
C_933,Lisa Herring
C_9330,Heather Black
C_9331,Katherine Anderson
C_9332,Daniel Moore
C_9333,Troy Newton
C_9334,Jessica Baker
C_9335,Steven Simpson
C_9336,Cassandra Stokes
C_9337,Scott Byrd
C_9338,Robert Jackson
C_9339,Sharon Reynolds
C_934,Brittany Le
C_9340,Sherry Nolan
C_9341,Peter Moreno
C_9342,Kari Buck
C_9343,Ashley Sims
C_9344,Jared Gilbert
C_9345,Stephanie Wood
C_9346,Patricia Mcfarland
C_9347,Kimberly Davis
C_9348,Megan Hopkins
C_9349,Zachary Perez
C_935,Alexis Kramer
C_9350,Lauren Graham
C_9351,Barbara Hall
C_9352,Laura Wall
C_9353,Willie Davidson
C_9354,Larry Galloway
C_9355,Steven Roberts
C_9356,Frederick Hernandez
C_9357,Sheila Edwards
C_9358,Norman Long
C_9359,Jerry Brooks
C_936,Trevor Wilson
C_9360,Anthony Grimes
C_9361,Melissa Gomez
C_9362,Ashley Hunter
C_9363,Michael Gomez
C_9364,Travis Shields
C_9365,Edward Vance
C_9366,Dr. Emma Shaw DVM
C_9367,Aaron Hayes
C_9368,Michelle Richardson
C_9369,Caleb Jackson
C_937,Harold Carter
C_9370,William Roberson
C_9371,Dustin Howard
C_9372,Justin Smith
C_9373,Dawn Nicholson
C_9374,Courtney Lucas
C_9375,Preston Brady
C_9376,Derrick Spencer
C_9377,Alison Grimes
C_9378,Troy Johnson DDS
C_9379,Donald Stein
C_938,Julie Watts
C_9380,Dale Edwards Jr.
C_9381,Tara Davis
C_9382,Brian Klein
C_9383,Ray Evans
C_9384,Lynn Johnston
C_9385,John Smith
C_9386,Kimberly Patel
C_9387,Daniel Nielsen
C_9388,Aaron Li
C_9389,Jerome Long
C_939,Kimberly Rivera
C_9390,Alexis Lawrence
C_9391,Christina Wilson
C_9392,Troy Mcdonald
C_9393,Stephanie Moore
C_9394,Robert Stevenson
C_9395,Christopher Contreras
C_9396,Austin Roach
C_9397,Megan Diaz
C_9398,Jessica Perez
C_9399,Peter Brown
C_94,Lisa Brooks
C_940,Garrett Spencer
C_9400,Ashley Hodges
C_9401,Derek Stephens
C_9402,Jordan James
C_9403,Michael Hicks
C_9404,Robert Lopez
C_9405,Alexandria Obrien
C_9406,Mr. Alexander Grant
C_9407,Louis Anderson
C_9408,Paula Coleman
C_9409,Todd Miller
C_941,Laura Smith
C_9410,Kayla Mitchell
C_9411,Bridget Simmons
C_9412,Lori Knight
C_9413,Samantha Diaz
C_9414,Amy Erickson
C_9415,Jacob Salazar
C_9416,Angelica Jordan
C_9417,Shane Johnston
C_9418,Anthony Gilbert
C_9419,Crystal Green
C_942,Erin Davis
C_9420,Katherine Cooke
C_9421,Jeremy Garrison MD
C_9422,David Gillespie
C_9423,Joyce Clements
C_9424,Johnny Watkins
C_9425,Monica Thomas
C_9426,Joseph Joseph
C_9427,Tim Garcia
C_9428,Phillip Johnson
C_9429,Christina Mitchell
C_943,Lisa Mcdaniel
C_9430,Mark Nelson
C_9431,Darryl Green
C_9432,Catherine Steele
C_9433,Cassidy Thomas
C_9434,Randy Mitchell
C_9435,Jasmine Sellers
C_9436,Nicole Burton
C_9437,Paula Joyce
C_9438,Meghan Bryant
C_9439,Mark Salazar
C_944,Mary Adams
C_9440,Michael Lane
C_9441,Tyler Arellano
C_9442,Mr. Antonio Reyes
C_9443,Nicole Wilson
C_9444,Jonathan Keith
C_9445,Catherine Perkins
C_9446,Mario Larsen
C_9447,Megan Chambers
C_9448,Robert Calhoun
C_9449,Michaela Underwood
C_945,Mark Johnson
C_9450,Kathryn Miller
C_9451,Daniel Henson
C_9452,Michelle Zamora
C_9453,Willie Hall Jr.
C_9454,Sean Gregory
C_9455,Brett Mcdaniel
C_9456,Timothy Freeman
C_9457,Richard Woods
C_9458,Larry Bonilla
C_9459,Melissa Vasquez
C_946,James Anthony DDS
C_9460,Sandra Fuentes
C_9461,Michelle Short
C_9462,Judy Rivera
C_9463,Jessica Cain
C_9464,Melody Smith
C_9465,Lynn Flowers
C_9466,Austin Fisher
C_9467,Amber Watkins
C_9468,Richard Strickland
C_9469,Richard Gordon
C_947,Stephanie Martinez
C_9470,Scott Hensley
C_9471,Vanessa Shepherd
C_9472,Brian Perry
C_9473,Desiree Roy
C_9474,Stephanie Black
C_9475,Vicki Phillips
C_9476,Anne Glover
C_9477,Lori Evans
C_9478,Stacy Mullen
C_9479,Derek Dennis
C_948,Carol Mann
C_9480,Robert Woodard
C_9481,Jessica Young
C_9482,Travis Hicks
C_9483,Tina Jackson
C_9484,Gregory Peters
C_9485,Jason Martinez
C_9486,Allison Bryant
C_9487,Stephanie Mason
C_9488,Andrea Williams
C_9489,Patricia Berger
C_949,Christopher Smith
C_9490,Christina Miller
C_9491,Matthew Chandler
C_9492,Keith Little
C_9493,Ann Coleman
C_9494,Karen Norton
C_9495,Jessica Smith
C_9496,Cassandra Mitchell
C_9497,Dr. David Mcguire
C_9498,Eric Nguyen
C_9499,Leonard Davis
C_95,Kirsten Gamble
C_950,Jennifer Scott
C_9500,Leslie Flores
C_9501,Jessica Rasmussen
C_9502,Amber Little
C_9503,Douglas Franklin
C_9504,Randy Gonzalez
C_9505,Jaime Harris
C_9506,Joseph Hunt
C_9507,Kim Ball
C_9508,Ashley Jones
C_9509,Hannah Wang
C_951,Melanie Lee
C_9510,Bethany Ramirez
C_9511,Johnny Smith
C_9512,Kimberly Lewis
C_9513,Meghan Williams
C_9514,Angela Barrett
C_9515,David Morrison
C_9516,Matthew Leonard
C_9517,Krista Pacheco
C_9518,Larry Hawkins
C_9519,Jessica Johnson
C_952,Paul Curry
C_9520,Michelle Wilson
C_9521,James Tucker
C_9522,Teresa Ramsey
C_9523,Cheryl Ray
C_9524,Amanda Navarro
C_9525,Dr. Robert Ramirez
C_9526,Scott Johnson
C_9527,Charles Montes
C_9528,Todd Conway
C_9529,Eric Gaines
C_953,Daniel Herman
C_9530,James Torres
C_9531,Jessica Simmons
C_9532,Laura Brown
C_9533,William Schwartz
C_9534,Tina Crawford
C_9535,Chase Walsh
C_9536,Allison Tanner
C_9537,Nancy Gonzalez
C_9538,Christopher Williamson
C_9539,Margaret Hudson
C_954,Dennis Smith
C_9540,Kelly Hoffman
C_9541,Jenny Brown
C_9542,Alexis Riley
C_9543,Michael Ellis
C_9544,Madeline Roberts
C_9545,David Conner
C_9546,Hayden Cabrera
C_9547,Jade Price
C_9548,Scott Thompson
C_9549,Joshua Powell
C_955,Mary Morgan
C_9550,Daniel Garner
C_9551,Anna Bates
C_9552,Ruth Thompson
C_9553,Jeffrey Henderson
C_9554,Jane Hunt
C_9555,Kevin Robinson
C_9556,Catherine Herrera
C_9557,Lauren Quinn
C_9558,Susan Carter
C_9559,Mr. Robert Simmons DDS
C_956,George Kelly
C_9560,Timothy Landry
C_9561,Joseph Rodgers
C_9562,Kimberly Mooney
C_9563,Brandon Smith
C_9564,Sara Durham
C_9565,Peter Ellis
C_9566,Andrea Jimenez
C_9567,Cody Lee
C_9568,Christopher Clark
C_9569,Justin Bell
C_957,Mark Wiley
C_9570,Todd Evans
C_9571,Jody Miller
C_9572,Maria Mullins
C_9573,Colleen Henson
C_9574,Zachary Marquez
C_9575,Carol Thompson
C_9576,Jerry Hall
C_9577,Mark Bradley
C_9578,Edward Garcia
C_9579,Darlene Jackson
C_958,Nicolas Evans
C_9580,April Moore
C_9581,Daniel Gilmore
C_9582,Ronald Curry
C_9583,Jennifer Schmidt
C_9584,Caroline Good
C_9585,Jason Wilson
C_9586,Alexandra Lopez
C_9587,Joe Stokes
C_9588,Calvin Montoya
C_9589,Michael Huerta
C_959,Kevin Brown
C_9590,Bonnie Crawford
C_9591,Kimberly Jones
C_9592,Troy Knight
C_9593,Norma Downs
C_9594,Billy Patton
C_9595,Raven Johnson
C_9596,Sara Torres
C_9597,Phillip Brown
C_9598,Timothy Pope
C_9599,Jose Robertson
C_96,Shannon Taylor
C_960,Theresa Bradley
C_9600,Robert Fox
C_9601,Taylor Dillon
C_9602,Gina Miller
C_9603,Heather Rice
C_9604,Michael Moss
C_9605,Bryce Ball
C_9606,Christopher Morgan
C_9607,Rebecca Cantrell
C_9608,Joshua Murray
C_9609,John Scott
C_961,Janet Morales
C_9610,Casey Miller
C_9611,Michael Stephenson
C_9612,Danielle Garcia
C_9613,Jimmy Ramos
C_9614,Debra Martinez
C_9615,David Matthews
C_9616,Adriana Gonzalez
C_9617,Miss Mary Nelson
C_9618,Jeremy Stewart
C_9619,Cory Hudson
C_962,Amy Diaz
C_9620,Nathan Hunter
C_9621,Amy Carroll
C_9622,Nicholas Newman
C_9623,James Hart
C_9624,Kathy Edwards
C_9625,Debra Johns
C_9626,Samuel Solis
C_9627,Tami Wheeler
C_9628,Jill Fernandez
C_9629,Brittany Waller
C_963,Samantha Benitez
C_9630,Charles Wright
C_9631,Robert Larson
C_9632,Elizabeth Williams
C_9633,Brian Day
C_9634,Melanie Jones
C_9635,Shawn Davidson
C_9636,Daniel Johnston
C_9637,Lindsay Salinas
C_9638,Angela Taylor
C_9639,Craig King
C_964,Destiny Fowler
C_9640,Marc Brown
C_9641,Veronica Young
C_9642,Edward Harrison
C_9643,Joseph Ramos
C_9644,Michael Sanchez
C_9645,Christine Myers
C_9646,Katherine Hensley
C_9647,Amanda Meyer
C_9648,Christopher Jones
C_9649,Amanda Ortega
C_965,Thomas Wilson
C_9650,Matthew Green
C_9651,Scott Jones
C_9652,Melanie Wu
C_9653,Luis Rivera
C_9654,Robert Conway
C_9655,Jessica Fox
C_9656,Darren Anthony
C_9657,Cathy Brown
C_9658,Justin Juarez
C_9659,Matthew Sanders
C_966,Taylor Peterson
C_9660,Katie Williams
C_9661,Cindy Campbell
C_9662,Dustin Shaw
C_9663,Justin Hale Jr.
C_9664,Ellen Stewart
C_9665,Robert Richardson
C_9666,Alan Dunlap
C_9667,Stephanie Nunez
C_9668,Ronald Shelton
C_9669,Heidi Gonzalez
C_967,Craig Walton
C_9670,Brittany Collins
C_9671,Wendy Norton
C_9672,Stephen Blair
C_9673,Heidi Cox
C_9674,Emily Roy
C_9675,Mary Strickland
C_9676,Christopher Huerta
C_9677,Mr. Kevin Williams DVM
C_9678,Dr. Jose Howell
C_9679,Tony Bryant
C_968,Mr. Nicholas Watkins
C_9680,John Shaffer
C_9681,Stephen Miller
C_9682,Evan Dorsey
C_9683,Kelly Hernandez
C_9684,Jeffery Fields
C_9685,Matthew Beard
C_9686,Patricia Lee
C_9687,Robert Duke
C_9688,Christopher Hill
C_9689,Michelle Ross
C_969,Kimberly Trujillo
C_9690,Caleb Reyes
C_9691,Amy Watts
C_9692,Dr. Grace Hoffman
C_9693,Terry Mendoza
C_9694,Donald Gallegos
C_9695,Cassandra Jimenez
C_9696,Michelle Green
C_9697,Daniel Williams
C_9698,Anthony Carr
C_9699,Stephanie Wilson
C_97,Dr. Mark Hart
C_970,Kara Powers
C_9700,Mary Pope
C_9701,Michael Collier
C_9702,Brian Kent
C_9703,Beth Carr
C_9704,Katherine Olsen
C_9705,Alejandra Crane
C_9706,David Reid
C_9707,Christopher Wright
C_9708,Holly Simpson
C_9709,Edward Greene
C_971,Michelle Morse
C_9710,Amy Shah
C_9711,Shawn Henson
C_9712,Wendy Randolph
C_9713,Lee Fisher
C_9714,Jodi Mann
C_9715,Natalie Ayala
C_9716,Deborah Miller
C_9717,Monica Kane
C_9718,Nancy Hartman
C_9719,Vanessa Elliott
C_972,Kristina Olson
C_9720,Jennifer Brown
C_9721,Craig Morgan
C_9722,Sherry Stephens
C_9723,Tyler Chambers
C_9724,Crystal Obrien
C_9725,Shawn Chavez
C_9726,Mr. Mark Scott
C_9727,Ryan Fleming
C_9728,Collin Curtis
C_9729,Margaret Williamson
C_973,Brooke Kramer
C_9730,Jessica Grant
C_9731,Brandon Koch
C_9732,Linda Arnold
C_9733,Christopher Martinez
C_9734,Megan Ruiz
C_9735,Brooke Rivera
C_9736,Daniel Adams
C_9737,Erica Anderson
C_9738,Sabrina Chang
C_9739,David Smith
C_974,Emily Ramirez
C_9740,John Bennett
C_9741,Kyle Murphy
C_9742,Holly Munoz
C_9743,Anne Moyer
C_9744,Joe Hardy
C_9745,Stephen Campos
C_9746,Claire Nichols
C_9747,Logan Elliott
C_9748,Daniel Hendricks
C_9749,Jeanne Miller
C_975,Amanda Brown
C_9750,Monica Parker
C_9751,Jeffrey Wells
C_9752,Heidi Walsh
C_9753,Thomas Cain
C_9754,Stephen Perry
C_9755,Dakota Gonzalez
C_9756,Ernest Miles
C_9757,Marcus Adams
C_9758,Taylor Fletcher
C_9759,Kathy Vance
C_976,Elizabeth Sutton
C_9760,Carlos Medina
C_9761,Eddie Miller
C_9762,Roger Frazier
C_9763,Brittany Mann
C_9764,Sarah Flynn
C_9765,Jo White
C_9766,William Huff
C_9767,Scott Tucker Jr.
C_9768,Nancy Odom
C_9769,April Norris
C_977,Lauren Phelps
C_9770,Daniel Marshall
C_9771,Patrick Collins
C_9772,Nathaniel Wood
C_9773,Jeremy Mejia
C_9774,Shelby Acosta
C_9775,Brent Johnson
C_9776,Crystal Padilla
C_9777,Jeffrey Rivas
C_9778,Jessica Mcbride
C_9779,Cindy Johns DDS
C_978,David Johnson
C_9780,Joseph James
C_9781,Tammy Oneill
C_9782,Jonathan Rice
C_9783,Joshua Thompson
C_9784,Emma Santana
C_9785,Kelsey Roman
C_9786,John Salinas
C_9787,Gary Fletcher
C_9788,Harold Hoffman
C_9789,Joel Webb
C_979,Marc Pineda
C_9790,Wendy Smith
C_9791,Amanda Robertson
C_9792,Louis Hoover
C_9793,Marcus Parker
C_9794,April Rodriguez
C_9795,Mr. Christopher Anderson PhD
C_9796,William Hensley
C_9797,Miss Brittany Brewer
C_9798,Jordan Fowler
C_9799,Kaitlyn Ruiz
C_98,Elizabeth Douglas
C_980,Bradley Ford
C_9800,Rachel Martin
C_9801,Crystal Horn
C_9802,Mark Campbell
C_9803,Bianca Turner
C_9804,Andrew Gill
C_9805,Crystal Hoffman
C_9806,Jeremy Clark
C_9807,Tammie Young
C_9808,Brian Martinez
C_9809,Dakota Murphy
C_981,Michael Miller
C_9810,Andrew Cherry
C_9811,Elizabeth Dunn
C_9812,Alexandra Martin
C_9813,Tracey Bates
C_9814,Lisa Garrison
C_9815,Wendy Barton
C_9816,Stacy Reyes
C_9817,Andrea Edwards
C_9818,Paul Wood
C_9819,Danielle Hooper
C_982,Bethany Poole
C_9820,Christina Lara
C_9821,Brenda Crosby
C_9822,Jonathan Smith
C_9823,Nicholas Fox
C_9824,Jeremy Davies
C_9825,Amy Giles
C_9826,William Hill
C_9827,Jackie Mccall
C_9828,Debra Dean
C_9829,Jordan Hernandez
C_983,Cindy Burns
C_9830,Troy Mejia
C_9831,Wanda Morris
C_9832,Brittany Williams
C_9833,Carl Hubbard
C_9834,Karen Kelley
C_9835,Brendan Walker
C_9836,Christopher Jones
C_9837,Megan Lee
C_9838,Ralph Smith
C_9839,Gabriel Jones
C_984,Andrea Gregory
C_9840,Daniel Flores
C_9841,Joshua Patterson
C_9842,Jeffery Reed
C_9843,Jennifer Romero
C_9844,Jesse Coleman
C_9845,Jessica Williams
C_9846,Richard Pollard
C_9847,Charles Mitchell
C_9848,Ashley Jordan
C_9849,Dustin Huynh
C_985,Tricia Martinez
C_9850,Alicia Vargas
C_9851,Leah Byrd
C_9852,Maria Jordan
C_9853,Andrew Herman
C_9854,Jay Baker
C_9855,Scott Christensen
C_9856,Jennifer Cox
C_9857,Jeffrey Matthews
C_9858,Sharon Rivers
C_9859,Jasmine Higgins
C_986,Kenneth Brewer
C_9860,Erin French
C_9861,Diana Webb
C_9862,James Cole
C_9863,Kyle Erickson
C_9864,Alyssa Bass
C_9865,Katelyn Davis
C_9866,Michelle Cox
C_9867,Ethan Sanchez
C_9868,Shelley Lee
C_9869,Katie Lopez
C_987,Marissa Lambert
C_9870,Allen Hill MD
C_9871,Katelyn Evans
C_9872,Heidi Guerrero
C_9873,Alexander Baird
C_9874,Joan Nelson
C_9875,Charles Mcdonald
C_9876,Todd Roberts
C_9877,Tamara Trujillo
C_9878,Lucas Campbell
C_9879,Erica Williams
C_988,Linda Hoffman
C_9880,Mr. Robert Davis
C_9881,Mrs. Angela Scott
C_9882,Stacy Jackson
C_9883,Tammy Miller
C_9884,Mark Mendez
C_9885,Tina Gonzalez
C_9886,Jordan Allen
C_9887,Michelle Warren
C_9888,James Oliver
C_9889,Kathleen Jimenez
C_989,Nicholas Miller
C_9890,Andrew Solis
C_9891,Erin Harris
C_9892,Bryan Garrett
C_9893,Andre Pena
C_9894,Jeremiah Weaver
C_9895,Daniel Reyes
C_9896,Kristi Murray
C_9897,Denise Skinner
C_9898,John Turner
C_9899,John King
C_99,Jim Singleton
C_990,Renee Dalton
C_9900,Amy Navarro
C_9901,James Garza
C_9902,Danielle Poole
C_9903,Amber Whitney
C_9904,Dustin Nguyen
C_9905,Larry Hayes
C_9906,John Brown
C_9907,Calvin Bernard
C_9908,Gary Lowe
C_9909,Larry Martin
C_991,Amy Dillon
C_9910,Tracey Martin
C_9911,Robert Perez
C_9912,Ashley Conrad
C_9913,Chloe Smith
C_9914,Eric Evans
C_9915,Sean Salinas
C_9916,Dale Thompson
C_9917,Tiffany Horton
C_9918,Jorge Harris
C_9919,Barbara Lewis
C_992,Rachael Rojas
C_9920,Briana Case
C_9921,Jordan Guerra
C_9922,Stephanie Williams
C_9923,John Tucker
C_9924,Casey Baldwin
C_9925,Rebecca Jones
C_9926,David Mitchell
C_9927,Felicia Bishop
C_9928,Trevor Smith
C_9929,Kevin Levy
C_993,Katie Glass
C_9930,Kimberly Church
C_9931,Mark Frazier
C_9932,David Freeman
C_9933,Stacy Anderson
C_9934,Catherine Simmons
C_9935,Evelyn Watkins
C_9936,Stephanie Austin
C_9937,Jared Johnson
C_9938,Bonnie Cummings
C_9939,Aaron Gutierrez
C_994,Michael Marshall
C_9940,Samantha Mcclain
C_9941,Sharon Humphrey
C_9942,Wendy Young
C_9943,Ian Petty
C_9944,Nicole Long
C_9945,Joseph Ramos MD
C_9946,Ann Smith
C_9947,Roger Smith
C_9948,James Schneider
C_9949,Ryan Romero
C_995,Daniel Schroeder
C_9950,Angel Thompson
C_9951,Jeremiah Castillo
C_9952,Leah Jackson
C_9953,Alex Murray
C_9954,Michelle Jackson
C_9955,Brian Phillips
C_9956,Mr. Nicholas Chang
C_9957,Bianca Reilly
C_9958,Melissa Davis
C_9959,Betty Miller
C_996,Mark Garcia
C_9960,Nathan Salas
C_9961,Jessica Gonzalez
C_9962,Devin Jones
C_9963,David Mckenzie
C_9964,Roger Olson
C_9965,Christian Osborne
C_9966,William Dennis
C_9967,Sheena Owens
C_9968,Shannon Owens
C_9969,Brian Marshall
C_997,Casey Hull
C_9970,Stacy Reed
C_9971,Tonya Johnston
C_9972,James Taylor
C_9973,Joseph Bond
C_9974,Karen Mills
C_9975,Donna Herrera
C_9976,Justin Fowler
C_9977,Cindy Miller
C_9978,Mr. Kyle Jones
C_9979,Andrew Graves
C_998,Virginia Wallace
C_9980,Anthony Mcclure
C_9981,David Blackwell
C_9982,Dale Chavez
C_9983,Brett Hurst
C_9984,George Hartman
C_9985,Timothy Roth
C_9986,Ryan Ramirez
C_9987,Erin Dean
C_9988,Dwayne Saunders
C_9989,Ronald Juarez
C_999,Julie Harris
C_9990,Linda Moore
C_9991,Susan Hess
C_9992,Ashley Blake
C_9993,Kimberly Woods
C_9994,Becky Henderson
C_9995,Ralph Chaney
C_9996,Mr. Anthony Miller
C_9997,Antonio Sweeney
C_9998,Ashley Johnson
C_9999,Tiffany Tran
